1-Jan-00,12551.5
2-Jan-00,13377.04167
3-Jan-00,15300.625
4-Jan-00,15582.75
5-Jan-00,15691.75
6-Jan-00,15705.83333
7-Jan-00,14140.125
8-Jan-00,11503.29167
9-Jan-00,11467.83333
10-Jan-00,12290.79167
11-Jan-00,14943.16667
12-Jan-00,15675.375
13-Jan-00,15881.91667
14-Jan-00,15857.83333
15-Jan-00,15387.125
16-Jan-00,14168.75
17-Jan-00,15693.83333
18-Jan-00,15796.54167
19-Jan-00,15836.20833
20-Jan-00,15770
21-Jan-00,15745.29167
22-Jan-00,14968.66667
23-Jan-00,13762.20833
24-Jan-00,15178.54167
25-Jan-00,15745.66667
26-Jan-00,15609.41667
27-Jan-00,15219.83333
28-Jan-00,15083.33333
29-Jan-00,14681.70833
30-Jan-00,13933.75
31-Jan-00,15140.04167
1-Feb-00,15500.95833
2-Feb-00,15316.29167
3-Feb-00,15445.125
4-Feb-00,15617.45833
5-Feb-00,15180.66667
6-Feb-00,15028.58333
7-Feb-00,15073.875
8-Feb-00,15369.75
9-Feb-00,15431.95833
10-Feb-00,15530.66667
11-Feb-00,15504.45833
12-Feb-00,15130.45833
13-Feb-00,13992.79167
14-Feb-00,15242.45833
15-Feb-00,15926.25
16-Feb-00,15845.79167
17-Feb-00,15776.45833
18-Feb-00,15526.125
19-Feb-00,15090.16667
20-Feb-00,13894.04167
21-Feb-00,15392.25
22-Feb-00,15866.16667
23-Feb-00,16014.16667
24-Feb-00,16112.66667
25-Feb-00,15945.45833
26-Feb-00,15706.33333
27-Feb-00,14494.41667
28-Feb-00,15828.83333
29-Feb-00,16155.75
1-Mar-00,16080.95833
2-Mar-00,15838.25
3-Mar-00,15827.04167
4-Mar-00,15384.79167
5-Mar-00,14153.66667
6-Mar-00,15647.95833
7-Mar-00,15765.125
8-Mar-00,15682.20833
9-Mar-00,15683.79167
10-Mar-00,15578.16667
11-Mar-00,15205.95833
12-Mar-00,13996.25
13-Mar-00,14686.95833
14-Mar-00,14729.75
15-Mar-00,13280.75
16-Mar-00,13278
17-Mar-00,11120.125
18-Mar-00,11387.83333
19-Mar-00,12374.70833
20-Mar-00,14966.91667
21-Mar-00,15616.375
22-Mar-00,15729.04167
23-Mar-00,15689.375
24-Mar-00,15464.33333
25-Mar-00,14807.54167
26-Mar-00,13295.08333
27-Mar-00,14425.04167
28-Mar-00,14244.625
29-Mar-00,14069.625
30-Mar-00,13916.41667
31-Mar-00,13768.16667
1-Apr-00,13167.58333
2-Apr-00,11833.54167
3-Apr-00,13013.54167
4-Apr-00,13194.125
5-Apr-00,12731.29167
6-Apr-00,13099.91667
7-Apr-00,13613.95833
8-Apr-00,13831.875
9-Apr-00,12736.16667
10-Apr-00,14042.33333
11-Apr-00,14609.5
12-Apr-00,14319.375
13-Apr-00,14296.58333
14-Apr-00,13960.83333
15-Apr-00,13408.33333
16-Apr-00,11903.66667
17-Apr-00,13244.66667
18-Apr-00,13655.91667
19-Apr-00,13627.58333
20-Apr-00,13989.625
21-Apr-00,14186.45833
22-Apr-00,13614.33333
23-Apr-00,12131.45833
24-Apr-00,13596.45833
25-Apr-00,13709.79167
26-Apr-00,13674.625
27-Apr-00,13883.83333
28-Apr-00,13827.08333
29-Apr-00,13386.20833
30-Apr-00,11930.83333
1-May-00,13177.375
2-May-00,13487.625
3-May-00,13827.95833
4-May-00,13924.25
5-May-00,13967.08333
6-May-00,13437.41667
7-May-00,11996.5
8-May-00,13375.875
9-May-00,13571.5
10-May-00,13610.91667
11-May-00,13595.66667
12-May-00,13594.125
13-May-00,13178.25
14-May-00,11809.08333
15-May-00,13393.54167
16-May-00,13648.33333
17-May-00,13592.91667
18-May-00,13610.375
19-May-00,12803.25
20-May-00,12428.04167
21-May-00,11685.91667
22-May-00,13290.08333
23-May-00,13795.54167
24-May-00,13702.875
25-May-00,13790.79167
26-May-00,13655.625
27-May-00,13277.08333
28-May-00,11845.54167
29-May-00,13322.83333
30-May-00,13586.75
31-May-00,13595.125
1-Jun-00,13741.79167
2-Jun-00,13526.54167
3-Jun-00,13082.95833
4-Jun-00,11742.91667
5-Jun-00,13159.79167
6-Jun-00,13593.33333
7-Jun-00,13694.5
8-Jun-00,13807.375
9-Jun-00,13950
10-Jun-00,13446.75
11-Jun-00,12009.45833
12-Jun-00,13518.875
13-Jun-00,14019.45833
14-Jun-00,14072.91667
15-Jun-00,14269.54167
16-Jun-00,14312.41667
17-Jun-00,13762.41667
18-Jun-00,11955.33333
19-Jun-00,13529.25
20-Jun-00,13954.08333
21-Jun-00,14061.16667
22-Jun-00,14188.41667
23-Jun-00,14318.16667
24-Jun-00,13918.25
25-Jun-00,12457.5
26-Jun-00,14266.79167
27-Jun-00,14644.29167
28-Jun-00,14535.66667
29-Jun-00,14645.75
30-Jun-00,14573.45833
1-Jul-00,14125.25
2-Jul-00,12604.75
3-Jul-00,14432.95833
4-Jul-00,14949.70833
5-Jul-00,15162.91667
6-Jul-00,15460.83333
7-Jul-00,15423.54167
8-Jul-00,14809.375
9-Jul-00,13108.95833
10-Jul-00,14982.75
11-Jul-00,15460.04167
12-Jul-00,15560.70833
13-Jul-00,15387.33333
14-Jul-00,15318.29167
15-Jul-00,14734.5
16-Jul-00,13224.125
17-Jul-00,14980.5
18-Jul-00,15299.66667
19-Jul-00,15309.04167
20-Jul-00,15169.45833
21-Jul-00,15108.45833
22-Jul-00,14473.5
23-Jul-00,12997.70833
24-Jul-00,14812.58333
25-Jul-00,15297.5
26-Jul-00,15468.125
27-Jul-00,15720.75
28-Jul-00,15758.33333
29-Jul-00,15177.04167
30-Jul-00,13712.125
31-Jul-00,15326.54167
1-Aug-00,15276.33333
2-Aug-00,15033.875
3-Aug-00,15064.41667
4-Aug-00,15017.375
5-Aug-00,14519.70833
6-Aug-00,13218.25
7-Aug-00,15024.83333
8-Aug-00,15454.20833
9-Aug-00,15554.95833
10-Aug-00,15528.75
11-Aug-00,15430.83333
12-Aug-00,14713.54167
13-Aug-00,13251.83333
14-Aug-00,15020.25
15-Aug-00,15403.79167
16-Aug-00,15366.875
17-Aug-00,15413.70833
18-Aug-00,15316.45833
19-Aug-00,14791.58333
20-Aug-00,13256.70833
21-Aug-00,15101.70833
22-Aug-00,15572.375
23-Aug-00,15588.625
24-Aug-00,15494.29167
25-Aug-00,15346.58333
26-Aug-00,14403
27-Aug-00,12740.5
28-Aug-00,14350.45833
29-Aug-00,14705.16667
30-Aug-00,13824.08333
31-Aug-00,14575.95833
1-Sep-00,14625.54167
2-Sep-00,14220.75
3-Sep-00,12795.79167
4-Sep-00,14629.45833
5-Sep-00,15127.70833
6-Sep-00,14708.45833
7-Sep-00,14635.45833
8-Sep-00,14513.20833
9-Sep-00,14091.20833
10-Sep-00,12606.33333
11-Sep-00,14164.66667
12-Sep-00,14685.41667
13-Sep-00,14571.875
14-Sep-00,14668.375
15-Sep-00,14609.41667
16-Sep-00,14119.875
17-Sep-00,12353.75
18-Sep-00,14026.83333
19-Sep-00,14450.375
20-Sep-00,14671.58333
21-Sep-00,14654.45833
22-Sep-00,14667.75
23-Sep-00,14280.5
24-Sep-00,12606.20833
25-Sep-00,13995.16667
26-Sep-00,14344.91667
27-Sep-00,14371.95833
28-Sep-00,14397
29-Sep-00,14160.5
30-Sep-00,13774.625
1-Oct-00,12427.16667
2-Oct-00,13827.41667
3-Oct-00,14283.125
4-Oct-00,14175.875
5-Oct-00,14384.20833
6-Oct-00,14183.29167
7-Oct-00,13663.95833
8-Oct-00,12192.16667
9-Oct-00,13601.625
10-Oct-00,13942.08333
11-Oct-00,13933.33333
12-Oct-00,14047.16667
13-Oct-00,14100.83333
14-Oct-00,13768.125
15-Oct-00,12435.66667
16-Oct-00,13792.875
17-Oct-00,14209.58333
18-Oct-00,14275.66667
19-Oct-00,14452.45833
20-Oct-00,14627.75
21-Oct-00,14287.45833
22-Oct-00,12643.375
23-Oct-00,14694.91667
24-Oct-00,15235.83333
25-Oct-00,15009.83333
26-Oct-00,14976.79167
27-Oct-00,14762.25
28-Oct-00,14358.41667
29-Oct-00,12840.95833
30-Oct-00,14633.29167
31-Oct-00,14961.75
1-Nov-00,14765.75
2-Nov-00,14796.54167
3-Nov-00,14702.29167
4-Nov-00,14159.33333
5-Nov-00,12850.33333
6-Nov-00,14237.04167
7-Nov-00,14621.25
8-Nov-00,14457.08333
9-Nov-00,14555.25
10-Nov-00,14437.83333
11-Nov-00,14047.16667
12-Nov-00,13075.58333
13-Nov-00,14537.41667
14-Nov-00,15015.70833
15-Nov-00,15134.75
16-Nov-00,14941.29167
17-Nov-00,14728
18-Nov-00,14848.45833
19-Nov-00,13496.625
20-Nov-00,14962.95833
21-Nov-00,15307.79167
22-Nov-00,15272.54167
23-Nov-00,15515.58333
24-Nov-00,15489.16667
25-Nov-00,15095.91667
26-Nov-00,14067.08333
27-Nov-00,15428.875
28-Nov-00,15682.33333
29-Nov-00,15809.79167
30-Nov-00,15872.625
1-Dec-00,15643.79167
2-Dec-00,15293.83333
3-Dec-00,14106.70833
4-Dec-00,15521.875
5-Dec-00,15891.83333
6-Dec-00,16108.54167
7-Dec-00,16050.66667
8-Dec-00,16180.125
9-Dec-00,15795.375
10-Dec-00,14377.16667
11-Dec-00,15912.29167
12-Dec-00,16371.04167
13-Dec-00,16177.875
14-Dec-00,16081.66667
15-Dec-00,16000.45833
16-Dec-00,15577.58333
17-Dec-00,14316.875
18-Dec-00,15716
19-Dec-00,16157.33333
20-Dec-00,16309.45833
21-Dec-00,16373.66667
22-Dec-00,16453.75
23-Dec-00,16231.25
24-Dec-00,15946.375
25-Dec-00,15016.75
26-Dec-00,13776.66667
27-Dec-00,11178.33333
28-Dec-00,11034.04167
29-Dec-00,11239.83333
30-Dec-00,11976.45833
31-Dec-00,12111.58333
1-Jan-01,12554.20833
2-Jan-01,14926.25
3-Jan-01,15394.41667
4-Jan-01,15390.79167
5-Jan-01,15602.29167
6-Jan-01,15177.875
7-Jan-01,13881.79167
8-Jan-01,15233
9-Jan-01,15301.875
10-Jan-01,15475.45833
11-Jan-01,15559.75
12-Jan-01,15604.08333
13-Jan-01,15447.58333
14-Jan-01,14326.66667
15-Jan-01,15729.29167
16-Jan-01,15956.5
17-Jan-01,16077.45833
18-Jan-01,16140.70833
19-Jan-01,16182.875
20-Jan-01,15688.375
21-Jan-01,14478.5
22-Jan-01,15967.33333
23-Jan-01,16481.875
24-Jan-01,15987.625
25-Jan-01,16525.375
26-Jan-01,16174.29167
27-Jan-01,15750.125
28-Jan-01,14054.83333
29-Jan-01,15369.375
30-Jan-01,15536.75
31-Jan-01,15562.20833
1-Feb-01,15803.91667
2-Feb-01,15998.95833
3-Feb-01,15676
4-Feb-01,14183.08333
5-Feb-01,15709.33333
6-Feb-01,15886.79167
7-Feb-01,15797.625
8-Feb-01,15731.625
9-Feb-01,15508.625
10-Feb-01,14956.58333
11-Feb-01,13989.83333
12-Feb-01,15526.16667
13-Feb-01,15943.79167
14-Feb-01,16215.33333
15-Feb-01,16170.375
16-Feb-01,16174.16667
17-Feb-01,15566.125
18-Feb-01,14220.45833
19-Feb-01,16027.79167
20-Feb-01,16054.91667
21-Feb-01,16217.70833
22-Feb-01,16401.25
23-Feb-01,15871.83333
24-Feb-01,16062.41667
25-Feb-01,14045.41667
26-Feb-01,15064.91667
27-Feb-01,15237.83333
28-Feb-01,15385.25
1-Mar-01,15162.29167
2-Mar-01,14842.29167
3-Mar-01,14017.5
4-Mar-01,12022.875
5-Mar-01,9875.125
6-Mar-01,9993
7-Mar-01,10652.625
8-Mar-01,11092.16667
9-Mar-01,12135.625
10-Mar-01,12258.625
11-Mar-01,11981.75
12-Mar-01,13638.5
13-Mar-01,14248.375
14-Mar-01,14388.875
15-Mar-01,14456.125
16-Mar-01,14403.16667
17-Mar-01,13797.29167
18-Mar-01,12500.375
19-Mar-01,13566.91667
20-Mar-01,13519.20833
21-Mar-01,13510.04167
22-Mar-01,13634.45833
23-Mar-01,14160.16667
24-Mar-01,13708.375
25-Mar-01,12376.08333
26-Mar-01,13394.25
27-Mar-01,13529.04167
28-Mar-01,13671.20833
29-Mar-01,13927.08333
30-Mar-01,14116.04167
31-Mar-01,13906.70833
1-Apr-01,12711.79167
2-Apr-01,13951.625
3-Apr-01,14173.5
4-Apr-01,14294.125
5-Apr-01,14281.16667
6-Apr-01,14035.91667
7-Apr-01,13546.58333
8-Apr-01,12349.91667
9-Apr-01,13322.70833
10-Apr-01,13700.5
11-Apr-01,13678.20833
12-Apr-01,13773.25
13-Apr-01,13838.45833
14-Apr-01,13646.625
15-Apr-01,12454.79167
16-Apr-01,13664.95833
17-Apr-01,13735.33333
18-Apr-01,14009.20833
19-Apr-01,13658.75
20-Apr-01,13399.125
21-Apr-01,13162.33333
22-Apr-01,11792.875
23-Apr-01,12074.70833
24-Apr-01,13257.375
25-Apr-01,13548.25
26-Apr-01,13724.29167
27-Apr-01,13534.33333
28-Apr-01,13067.45833
29-Apr-01,11966.20833
30-Apr-01,13269.5
1-May-01,13421.33333
2-May-01,13688.08333
3-May-01,13712.58333
4-May-01,13486
5-May-01,13174.16667
6-May-01,12010.125
7-May-01,13215.5
8-May-01,13313.25
9-May-01,13385.91667
10-May-01,13439.70833
11-May-01,13377.625
12-May-01,12934.95833
13-May-01,11934
14-May-01,13375.33333
15-May-01,13520.875
16-May-01,13357.95833
17-May-01,13289.75
18-May-01,13238.375
19-May-01,12065.75
20-May-01,11416.875
21-May-01,12944.25
22-May-01,13293.5
23-May-01,13453.83333
24-May-01,13491.91667
25-May-01,13449.08333
26-May-01,12974.45833
27-May-01,11902.625
28-May-01,13136.66667
29-May-01,13537.16667
30-May-01,13464.08333
31-May-01,13556.875
1-Jun-01,13535.83333
2-Jun-01,12963.83333
3-Jun-01,11849.5
4-Jun-01,13046.45833
5-Jun-01,13315.5
6-Jun-01,13252.70833
7-Jun-01,13429.95833
8-Jun-01,13580.95833
9-Jun-01,13100.41667
10-Jun-01,11870.25
11-Jun-01,13416.33333
12-Jun-01,14056.83333
13-Jun-01,14057.79167
14-Jun-01,14212.16667
15-Jun-01,13963
16-Jun-01,13325
17-Jun-01,11834.20833
18-Jun-01,13523.91667
19-Jun-01,13991.33333
20-Jun-01,14044.45833
21-Jun-01,14065.83333
22-Jun-01,14087.08333
23-Jun-01,13645.58333
24-Jun-01,12388.95833
25-Jun-01,13831.75
26-Jun-01,14307.66667
27-Jun-01,14425.04167
28-Jun-01,14438.25
29-Jun-01,14555.70833
30-Jun-01,13928.5
1-Jul-01,13048.875
2-Jul-01,14255.125
3-Jul-01,14377.16667
4-Jul-01,14431.79167
5-Jul-01,14598.125
6-Jul-01,14858.83333
7-Jul-01,14215.91667
8-Jul-01,12811.16667
9-Jul-01,14483.91667
10-Jul-01,15022.33333
11-Jul-01,15105
12-Jul-01,15017.54167
13-Jul-01,15093.125
14-Jul-01,14537.54167
15-Jul-01,13059.625
16-Jul-01,14819.66667
17-Jul-01,15154.79167
18-Jul-01,15132.25
19-Jul-01,15507.20833
20-Jul-01,15410.41667
21-Jul-01,14840.45833
22-Jul-01,13342.16667
23-Jul-01,14918.54167
24-Jul-01,15292.58333
25-Jul-01,15348.04167
26-Jul-01,15361.625
27-Jul-01,15393.70833
28-Jul-01,14889.375
29-Jul-01,13632.04167
30-Jul-01,15255.66667
31-Jul-01,15519.5
1-Aug-01,15474.91667
2-Aug-01,15265
3-Aug-01,15228.54167
4-Aug-01,14776.125
5-Aug-01,13338.04167
6-Aug-01,15062.875
7-Aug-01,15459
8-Aug-01,15554.16667
9-Aug-01,15741.54167
10-Aug-01,15824.41667
11-Aug-01,15195.20833
12-Aug-01,13664.33333
13-Aug-01,14936.25
14-Aug-01,15326.20833
15-Aug-01,15385.625
16-Aug-01,15473.45833
17-Aug-01,15365.29167
18-Aug-01,14672.75
19-Aug-01,13097.375
20-Aug-01,14433.66667
21-Aug-01,15031.625
22-Aug-01,15209.75
23-Aug-01,15259.25
24-Aug-01,15424.04167
25-Aug-01,14913.375
26-Aug-01,13220.66667
27-Aug-01,14766.83333
28-Aug-01,15139.33333
29-Aug-01,15149.66667
30-Aug-01,14158.91667
31-Aug-01,14513.66667
1-Sep-01,13862.33333
2-Sep-01,12989.75
3-Sep-01,14689.125
4-Sep-01,14967.625
5-Sep-01,15053.66667
6-Sep-01,14854.04167
7-Sep-01,14456.54167
8-Sep-01,13975.125
9-Sep-01,12644.29167
10-Sep-01,14016.20833
11-Sep-01,14613.70833
12-Sep-01,14478.08333
13-Sep-01,14449
14-Sep-01,14415.5
15-Sep-01,13964.54167
16-Sep-01,12611.70833
17-Sep-01,13966.58333
18-Sep-01,14269.04167
19-Sep-01,14453.29167
20-Sep-01,14586.70833
21-Sep-01,14376.16667
22-Sep-01,13926.08333
23-Sep-01,12627.79167
24-Sep-01,13886.20833
25-Sep-01,14331.45833
26-Sep-01,14311
27-Sep-01,13944.625
28-Sep-01,13840.66667
29-Sep-01,13491
30-Sep-01,11987.58333
1-Oct-01,13641.91667
2-Oct-01,13846.125
3-Oct-01,13857.5
4-Oct-01,13963.41667
5-Oct-01,13829.20833
6-Oct-01,13469.625
7-Oct-01,12115.25
8-Oct-01,13511.875
9-Oct-01,13933.83333
10-Oct-01,14021
11-Oct-01,13894.04167
12-Oct-01,13760.75
13-Oct-01,13413.04167
14-Oct-01,12223.5
15-Oct-01,13517
16-Oct-01,13850.04167
17-Oct-01,13878
18-Oct-01,13798.625
19-Oct-01,13782.79167
20-Oct-01,13560.83333
21-Oct-01,12412.875
22-Oct-01,13670.16667
23-Oct-01,14049
24-Oct-01,14156
25-Oct-01,14472.5
26-Oct-01,14601.875
27-Oct-01,14252.70833
28-Oct-01,13040.45833
29-Oct-01,13067.625
30-Oct-01,14192.45833
31-Oct-01,14823.125
1-Nov-01,14626.29167
2-Nov-01,14891.875
3-Nov-01,14549.95833
4-Nov-01,13324.33333
5-Nov-01,14334.83333
6-Nov-01,14684.5
7-Nov-01,14740.25
8-Nov-01,14730.875
9-Nov-01,14583.54167
10-Nov-01,14065.66667
11-Nov-01,12958.75
12-Nov-01,14216.95833
13-Nov-01,14390.375
14-Nov-01,14393
15-Nov-01,14698.08333
16-Nov-01,14991.33333
17-Nov-01,14804
18-Nov-01,13567
19-Nov-01,15064.45833
20-Nov-01,15743.83333
21-Nov-01,15600
22-Nov-01,15748.375
23-Nov-01,15836.54167
24-Nov-01,15288.33333
25-Nov-01,14078.375
26-Nov-01,15587.625
27-Nov-01,15831.33333
28-Nov-01,15752.79167
29-Nov-01,15874.91667
30-Nov-01,15985.25
1-Dec-01,14189.29167
2-Dec-01,14889.875
3-Dec-01,15537.875
4-Dec-01,15725.625
5-Dec-01,15099.5
6-Dec-01,14587.66667
7-Dec-01,16161.75
8-Dec-01,15760.41667
9-Dec-01,14558.70833
10-Dec-01,15981.58333
11-Dec-01,16402.25
12-Dec-01,16660.08333
13-Dec-01,16713.41667
14-Dec-01,16635.70833
15-Dec-01,14454.41667
16-Dec-01,11958.91667
17-Dec-01,11397.125
18-Dec-01,11790.66667
19-Dec-01,14242.41667
20-Dec-01,15663.875
21-Dec-01,16159.5
22-Dec-01,15903.25
23-Dec-01,14703.16667
24-Dec-01,15850.125
25-Dec-01,15877.58333
26-Dec-01,15887.66667
27-Dec-01,16148.125
28-Dec-01,15893.33333
29-Dec-01,15285.33333
30-Dec-01,14837.75
31-Dec-01,14341.375
1-Jan-02,15043.58333
2-Jan-02,16180.5
3-Jan-02,16117.29167
4-Jan-02,16146.75
5-Jan-02,15480.29167
6-Jan-02,14576.54167
7-Jan-02,15900.33333
8-Jan-02,16446.625
9-Jan-02,16648
10-Jan-02,16600.33333
11-Jan-02,16464.66667
12-Jan-02,16119.625
13-Jan-02,14885
14-Jan-02,16265.45833
15-Jan-02,16576.91667
16-Jan-02,16466
17-Jan-02,16471.875
18-Jan-02,16434.08333
19-Jan-02,15945.58333
20-Jan-02,14909.41667
21-Jan-02,15989.04167
22-Jan-02,16249.125
23-Jan-02,16063.875
24-Jan-02,16030.875
25-Jan-02,16021.70833
26-Jan-02,15441.58333
27-Jan-02,14343.20833
28-Jan-02,15715.29167
29-Jan-02,15872
30-Jan-02,16395.54167
31-Jan-02,15580.875
1-Feb-02,15295
2-Feb-02,14895.45833
3-Feb-02,14025.08333
4-Feb-02,15401.70833
5-Feb-02,15713.41667
6-Feb-02,15687.25
7-Feb-02,15538.58333
8-Feb-02,15492.91667
9-Feb-02,15073.5
10-Feb-02,13906.79167
11-Feb-02,15520.08333
12-Feb-02,15567.375
13-Feb-02,15577.125
14-Feb-02,15472.125
15-Feb-02,15712.33333
16-Feb-02,15245.79167
17-Feb-02,14364.25
18-Feb-02,15566.04167
19-Feb-02,15694.83333
20-Feb-02,15752.08333
21-Feb-02,13686.625
22-Feb-02,11353.58333
23-Feb-02,11345.83333
24-Feb-02,11775.125
25-Feb-02,12863.16667
26-Feb-02,14909.875
27-Feb-02,15420.20833
28-Feb-02,15423.79167
1-Mar-02,14890.375
2-Mar-02,14845.08333
3-Mar-02,13346.66667
4-Mar-02,14616.79167
5-Mar-02,14889.54167
6-Mar-02,14676.54167
7-Mar-02,14645.5
8-Mar-02,14489.41667
9-Mar-02,14129.875
10-Mar-02,13224.20833
11-Mar-02,14556.66667
12-Mar-02,14915.29167
13-Mar-02,15010
14-Mar-02,14928.75
15-Mar-02,14855.95833
16-Mar-02,14556.375
17-Mar-02,13649.20833
18-Mar-02,15025.54167
19-Mar-02,15275.625
20-Mar-02,15421.04167
21-Mar-02,15539.70833
22-Mar-02,15377.54167
23-Mar-02,14958.41667
24-Mar-02,14118.29167
25-Mar-02,15397.625
26-Mar-02,15927.83333
27-Mar-02,16027.375
28-Mar-02,16077.5
29-Mar-02,16079.29167
30-Mar-02,15502.95833
31-Mar-02,14442.875
1-Apr-02,15666.375
2-Apr-02,15461.41667
3-Apr-02,15318.95833
4-Apr-02,15619.75
5-Apr-02,15513.70833
6-Apr-02,14941.79167
7-Apr-02,13618.41667
8-Apr-02,14838.91667
9-Apr-02,15263.04167
10-Apr-02,15108.04167
11-Apr-02,15144.45833
12-Apr-02,15044.08333
13-Apr-02,14540.54167
14-Apr-02,12936.58333
15-Apr-02,14139.95833
16-Apr-02,14836.25
17-Apr-02,14746.83333
18-Apr-02,14703
19-Apr-02,14747.375
20-Apr-02,14470.20833
21-Apr-02,13308
22-Apr-02,14115.45833
23-Apr-02,13568.5
24-Apr-02,14746.08333
25-Apr-02,14684.54167
26-Apr-02,14370.25
27-Apr-02,13840.20833
28-Apr-02,12469.45833
29-Apr-02,13666.54167
30-Apr-02,13920.125
1-May-02,13662.66667
2-May-02,13698.08333
3-May-02,13778.45833
4-May-02,13434.79167
5-May-02,12145.125
6-May-02,13494.54167
7-May-02,13771.66667
8-May-02,13890.375
9-May-02,14016
10-May-02,13924.66667
11-May-02,13578.83333
12-May-02,12228.91667
13-May-02,13523.54167
14-May-02,13940.5
15-May-02,13909.375
16-May-02,14012.29167
17-May-02,13923.04167
18-May-02,13541.41667
19-May-02,11964.54167
20-May-02,13638.95833
21-May-02,13899.33333
22-May-02,14069.70833
23-May-02,14027.16667
24-May-02,14016.04167
25-May-02,13745.54167
26-May-02,12463.5
27-May-02,13699.25
28-May-02,14075.54167
29-May-02,14173.58333
30-May-02,14131.41667
31-May-02,13972.45833
1-Jun-02,13741.16667
2-Jun-02,12422
3-Jun-02,13811.16667
4-Jun-02,14047.45833
5-Jun-02,14036.375
6-Jun-02,14198.58333
7-Jun-02,14450.875
8-Jun-02,14084.41667
9-Jun-02,12822.66667
10-Jun-02,14464.95833
11-Jun-02,14730.75
12-Jun-02,14766.41667
13-Jun-02,14817.08333
14-Jun-02,14446
15-Jun-02,14056.41667
16-Jun-02,12711.58333
17-Jun-02,14349.58333
18-Jun-02,14767.875
19-Jun-02,14638.79167
20-Jun-02,14658.79167
21-Jun-02,14717.20833
22-Jun-02,14303.83333
23-Jun-02,12999.70833
24-Jun-02,14840.83333
25-Jun-02,15352.25
26-Jun-02,15220.625
27-Jun-02,15251.5
28-Jun-02,15145.33333
29-Jun-02,14635
30-Jun-02,13252.91667
1-Jul-02,14926.29167
2-Jul-02,15324.16667
3-Jul-02,15365.95833
4-Jul-02,15434.95833
5-Jul-02,15537.625
6-Jul-02,15013.5
7-Jul-02,13611.75
8-Jul-02,15256.83333
9-Jul-02,15588.70833
10-Jul-02,15638.33333
11-Jul-02,15501.70833
12-Jul-02,15466.125
13-Jul-02,14891.58333
14-Jul-02,13366.75
15-Jul-02,15190.16667
16-Jul-02,15726.45833
17-Jul-02,15987.66667
18-Jul-02,16215.58333
19-Jul-02,16237.95833
20-Jul-02,15592.16667
21-Jul-02,14210.16667
22-Jul-02,15884.45833
23-Jul-02,15992.625
24-Jul-02,15916.125
25-Jul-02,15924.75
26-Jul-02,16028.25
27-Jul-02,15443.83333
28-Jul-02,13899.41667
29-Jul-02,15707.25
30-Jul-02,16176.375
31-Jul-02,16281.04167
1-Aug-02,16163.04167
2-Aug-02,16120
3-Aug-02,15626.79167
4-Aug-02,14194.04167
5-Aug-02,15803.375
6-Aug-02,16083.79167
7-Aug-02,16028.25
8-Aug-02,15814.66667
9-Aug-02,15855.66667
10-Aug-02,15300.66667
11-Aug-02,13966.375
12-Aug-02,15851.16667
13-Aug-02,16317.20833
14-Aug-02,16196.58333
15-Aug-02,16049.625
16-Aug-02,15848.41667
17-Aug-02,14999.95833
18-Aug-02,13435.20833
19-Aug-02,14789.04167
20-Aug-02,15234.95833
21-Aug-02,15402.95833
22-Aug-02,15450.70833
23-Aug-02,15462.20833
24-Aug-02,15096.41667
25-Aug-02,13664.58333
26-Aug-02,15258.45833
27-Aug-02,15511.5
28-Aug-02,15545.91667
29-Aug-02,15592.91667
30-Aug-02,14319.70833
31-Aug-02,13855.79167
1-Sep-02,13392
2-Sep-02,14804.45833
3-Sep-02,15211.58333
4-Sep-02,15093.79167
5-Sep-02,15120.16667
6-Sep-02,15039.5
7-Sep-02,14427.125
8-Sep-02,12947.125
9-Sep-02,14432.58333
10-Sep-02,14754.875
11-Sep-02,14723.875
12-Sep-02,14540.25
13-Sep-02,14470.95833
14-Sep-02,14008.79167
15-Sep-02,12637.16667
16-Sep-02,13896.66667
17-Sep-02,14272.66667
18-Sep-02,14341.79167
19-Sep-02,14167.20833
20-Sep-02,14267.5
21-Sep-02,13848.125
22-Sep-02,12634.95833
23-Sep-02,14065.79167
24-Sep-02,14532.625
25-Sep-02,14570.20833
26-Sep-02,14700.45833
27-Sep-02,14557.08333
28-Sep-02,14103.04167
29-Sep-02,12785.54167
30-Sep-02,14201.54167
1-Oct-02,14603.29167
2-Oct-02,14513.875
3-Oct-02,14385.29167
4-Oct-02,14270.91667
5-Oct-02,13870.70833
6-Oct-02,12523.625
7-Oct-02,13947.29167
8-Oct-02,14296.29167
9-Oct-02,14247.54167
10-Oct-02,14407.33333
11-Oct-02,14378
12-Oct-02,13965.54167
13-Oct-02,12554.375
14-Oct-02,13902.83333
15-Oct-02,14374.29167
16-Oct-02,14412.875
17-Oct-02,14362.25
18-Oct-02,14240
19-Oct-02,13977.375
20-Oct-02,12645.625
21-Oct-02,14021.70833
22-Oct-02,14405.95833
23-Oct-02,14402.375
24-Oct-02,14421.29167
25-Oct-02,14501.04167
26-Oct-02,14035.41667
27-Oct-02,12637.04167
28-Oct-02,13202.58333
29-Oct-02,12884.45833
30-Oct-02,14424.66667
31-Oct-02,14722.83333
1-Nov-02,14830.66667
2-Nov-02,14440.5
3-Nov-02,12623.25
4-Nov-02,14526.58333
5-Nov-02,15029.66667
6-Nov-02,15266.66667
7-Nov-02,15005.79167
8-Nov-02,14936.58333
9-Nov-02,14812.79167
10-Nov-02,13453.83333
11-Nov-02,15065.66667
12-Nov-02,15521.54167
13-Nov-02,15493.45833
14-Nov-02,15636.83333
15-Nov-02,15480.08333
16-Nov-02,15142.08333
17-Nov-02,13745.29167
18-Nov-02,14950.875
19-Nov-02,15209.625
20-Nov-02,15347.70833
21-Nov-02,15575.41667
22-Nov-02,15579.125
23-Nov-02,15381.83333
24-Nov-02,14239.70833
25-Nov-02,15406.16667
26-Nov-02,15816.54167
27-Nov-02,16058.375
28-Nov-02,16137.45833
29-Nov-02,16243.45833
30-Nov-02,16083.25
1-Dec-02,15190.70833
2-Dec-02,16171.875
3-Dec-02,16249.70833
4-Dec-02,15013.33333
5-Dec-02,12700.33333
6-Dec-02,12365.58333
7-Dec-02,12621.33333
8-Dec-02,14259.45833
9-Dec-02,16298.16667
10-Dec-02,16984.45833
11-Dec-02,17354.45833
12-Dec-02,17591.20833
13-Dec-02,17481.83333
14-Dec-02,16655.79167
15-Dec-02,15153.625
16-Dec-02,16737.29167
17-Dec-02,17225.58333
18-Dec-02,16182.125
19-Dec-02,17312.5
20-Dec-02,16915.41667
21-Dec-02,16461.83333
22-Dec-02,15259.58333
23-Dec-02,16967.41667
24-Dec-02,17340.41667
25-Dec-02,17516.375
26-Dec-02,17642.70833
27-Dec-02,17377.08333
28-Dec-02,16826.20833
29-Dec-02,15330.125
30-Dec-02,16386.20833
31-Dec-02,16232.70833
1-Jan-03,14698.16667
2-Jan-03,16337.75
3-Jan-03,16531.16667
4-Jan-03,15919.625
5-Jan-03,14651.875
6-Jan-03,15848.66667
7-Jan-03,16183.875
8-Jan-03,16086.58333
9-Jan-03,16299.625
10-Jan-03,16170.54167
11-Jan-03,15873.75
12-Jan-03,14700.125
13-Jan-03,16407.375
14-Jan-03,16999.625
15-Jan-03,16847.58333
16-Jan-03,16785.58333
17-Jan-03,16877.41667
18-Jan-03,16442
19-Jan-03,15195.41667
20-Jan-03,16592.83333
21-Jan-03,17006.5
22-Jan-03,17006.54167
23-Jan-03,16904.91667
24-Jan-03,16763.83333
25-Jan-03,16353.625
26-Jan-03,15066.70833
27-Jan-03,16731.875
28-Jan-03,16961.20833
29-Jan-03,17097.125
30-Jan-03,16833.875
31-Jan-03,16506.16667
1-Feb-03,16141.29167
2-Feb-03,14892.54167
3-Feb-03,16648.29167
4-Feb-03,17079.08333
5-Feb-03,16628.91667
6-Feb-03,16465.625
7-Feb-03,16118.25
8-Feb-03,15200.95833
9-Feb-03,15158.75
10-Feb-03,14081.20833
11-Feb-03,12115.41667
12-Feb-03,12221.625
13-Feb-03,12638.45833
14-Feb-03,13096.95833
15-Feb-03,14030.41667
16-Feb-03,14571.79167
17-Feb-03,16684.16667
18-Feb-03,17267.04167
19-Feb-03,17376.66667
20-Feb-03,17336.5
21-Feb-03,17323.33333
22-Feb-03,16807.375
23-Feb-03,15736.33333
24-Feb-03,17041.5
25-Feb-03,17314.375
26-Feb-03,17444.75
27-Feb-03,17420.54167
28-Feb-03,17192.91667
1-Mar-03,16562.75
2-Mar-03,15296.33333
3-Mar-03,16759.66667
4-Mar-03,17124.54167
5-Mar-03,17064.5
6-Mar-03,17011.83333
7-Mar-03,16816.91667
8-Mar-03,16097.83333
9-Mar-03,14911.875
10-Mar-03,16262.29167
11-Mar-03,16631.54167
12-Mar-03,16708
13-Mar-03,16571.08333
14-Mar-03,16820.5
15-Mar-03,16191.04167
16-Mar-03,14913.33333
17-Mar-03,16403.125
18-Mar-03,16767.95833
19-Mar-03,16804.66667
20-Mar-03,16847.20833
21-Mar-03,16845.16667
22-Mar-03,16647.04167
23-Mar-03,15289.79167
24-Mar-03,16998.875
25-Mar-03,16841.75
26-Mar-03,16601.45833
27-Mar-03,16554.83333
28-Mar-03,16526.41667
29-Mar-03,15965.95833
30-Mar-03,14606.83333
31-Mar-03,15797.91667
1-Apr-03,15821.79167
2-Apr-03,15969.58333
3-Apr-03,16000.29167
4-Apr-03,15764.70833
5-Apr-03,15145.08333
6-Apr-03,13779.75
7-Apr-03,15344.95833
8-Apr-03,15864.625
9-Apr-03,15897.875
10-Apr-03,15562.29167
11-Apr-03,15558.33333
12-Apr-03,14635.375
13-Apr-03,13360.20833
14-Apr-03,14974.75
15-Apr-03,15248.33333
16-Apr-03,15420.95833
17-Apr-03,15537.75
18-Apr-03,15860.66667
19-Apr-03,15318.375
20-Apr-03,13879
21-Apr-03,15107.125
22-Apr-03,15218.54167
23-Apr-03,14435.75
24-Apr-03,15187.70833
25-Apr-03,15322.5
26-Apr-03,14752.83333
27-Apr-03,13417.45833
28-Apr-03,14752.625
29-Apr-03,14807.16667
30-Apr-03,14563.08333
1-May-03,14262.91667
2-May-03,14304.45833
3-May-03,13985.875
4-May-03,12557.08333
5-May-03,14124.95833
6-May-03,14483.625
7-May-03,14483.04167
8-May-03,14698.45833
9-May-03,14726.875
10-May-03,14419.29167
11-May-03,13024.91667
12-May-03,14590.875
13-May-03,15064.75
14-May-03,15208.58333
15-May-03,15049.91667
16-May-03,14789.54167
17-May-03,14506.91667
18-May-03,12915.25
19-May-03,13194.41667
20-May-03,14805.75
21-May-03,15111.5
22-May-03,15037.58333
23-May-03,15075.08333
24-May-03,14525.58333
25-May-03,12933.29167
26-May-03,14444.20833
27-May-03,14878
28-May-03,14856.29167
29-May-03,14867
30-May-03,14673.25
31-May-03,14141.54167
1-Jun-03,12799.04167
2-Jun-03,14271.16667
3-Jun-03,14680.08333
4-Jun-03,14829.29167
5-Jun-03,14978.29167
6-Jun-03,15081.79167
7-Jun-03,14502.91667
8-Jun-03,13213.5
9-Jun-03,14673.29167
10-Jun-03,15066.125
11-Jun-03,15337.33333
12-Jun-03,15437.54167
13-Jun-03,15521.5
14-Jun-03,14981.16667
15-Jun-03,13550.29167
16-Jun-03,15549.58333
17-Jun-03,15800.625
18-Jun-03,15752.29167
19-Jun-03,15760.66667
20-Jun-03,15607.16667
21-Jun-03,14895.33333
22-Jun-03,13271.29167
23-Jun-03,15060
24-Jun-03,15337.41667
25-Jun-03,15699.58333
26-Jun-03,16004.66667
27-Jun-03,16155.58333
28-Jun-03,15688.5
29-Jun-03,14051.54167
30-Jun-03,15935.125
1-Jul-03,16409.25
2-Jul-03,16550.125
3-Jul-03,16730.33333
4-Jul-03,16861.875
5-Jul-03,16427.875
6-Jul-03,14483.91667
7-Jul-03,16206.75
8-Jul-03,16506.25
9-Jul-03,16548.91667
10-Jul-03,16441.54167
11-Jul-03,16580.20833
12-Jul-03,15930.83333
13-Jul-03,14141.95833
14-Jul-03,16035.54167
15-Jul-03,16493.375
16-Jul-03,16505.08333
17-Jul-03,16670.29167
18-Jul-03,16692.45833
19-Jul-03,16051.25
20-Jul-03,14299.875
21-Jul-03,16329.58333
22-Jul-03,16785.29167
23-Jul-03,16797.625
24-Jul-03,17000.375
25-Jul-03,16928.16667
26-Jul-03,16250.58333
27-Jul-03,14540
28-Jul-03,16353.54167
29-Jul-03,16782.375
30-Jul-03,16809.79167
31-Jul-03,17033.5
1-Aug-03,17099.58333
2-Aug-03,16430.58333
3-Aug-03,14904.91667
4-Aug-03,16565.08333
5-Aug-03,16861.125
6-Aug-03,17029.79167
7-Aug-03,17249.75
8-Aug-03,17205.91667
9-Aug-03,16492.875
10-Aug-03,14644.83333
11-Aug-03,16292.375
12-Aug-03,16757.375
13-Aug-03,16753.625
14-Aug-03,16818.41667
15-Aug-03,16903.75
16-Aug-03,16287.375
17-Aug-03,14825.125
18-Aug-03,16638.375
19-Aug-03,17111.95833
20-Aug-03,17112.29167
21-Aug-03,17105.70833
22-Aug-03,17061.875
23-Aug-03,16297.875
24-Aug-03,14754.20833
25-Aug-03,16503.75
26-Aug-03,17069.04167
27-Aug-03,17226.75
28-Aug-03,17239.125
29-Aug-03,17200.16667
30-Aug-03,15817.125
31-Aug-03,14647.79167
1-Sep-03,16919.04167
2-Sep-03,16996.79167
3-Sep-03,16953.375
4-Sep-03,16706.16667
5-Sep-03,15906.41667
6-Sep-03,15052.54167
7-Sep-03,13587.95833
8-Sep-03,15158.5
9-Sep-03,15730.16667
10-Sep-03,15944.25
11-Sep-03,15963.54167
12-Sep-03,15941.75
13-Sep-03,15356.70833
14-Sep-03,13905.04167
15-Sep-03,15375.95833
16-Sep-03,15751.83333
17-Sep-03,15579.04167
18-Sep-03,15597.25
19-Sep-03,15637.79167
20-Sep-03,15120.91667
21-Sep-03,13533.54167
22-Sep-03,15189.91667
23-Sep-03,15599.45833
24-Sep-03,15669
25-Sep-03,15747.58333
26-Sep-03,15720.41667
27-Sep-03,15276.625
28-Sep-03,13649.70833
29-Sep-03,15134.25
30-Sep-03,15500.91667
1-Oct-03,15416.91667
2-Oct-03,15488.125
3-Oct-03,15323.58333
4-Oct-03,14787.54167
5-Oct-03,13469.79167
6-Oct-03,15055.08333
7-Oct-03,15417.5
8-Oct-03,15396.16667
9-Oct-03,14675.16667
10-Oct-03,15259.5
11-Oct-03,14816.375
12-Oct-03,13385.33333
13-Oct-03,14787.875
14-Oct-03,15378.54167
15-Oct-03,15399
16-Oct-03,15628.41667
17-Oct-03,15450.5
18-Oct-03,15082.875
19-Oct-03,13619.375
20-Oct-03,15041.58333
21-Oct-03,15461.5
22-Oct-03,15490
23-Oct-03,15424.75
24-Oct-03,15489.54167
25-Oct-03,15102.29167
26-Oct-03,13984.41667
27-Oct-03,15174.29167
28-Oct-03,15396.25
29-Oct-03,14613.375
30-Oct-03,16044.66667
31-Oct-03,15886.41667
1-Nov-03,15990.29167
2-Nov-03,14437.08333
3-Nov-03,15443.45833
4-Nov-03,15868.70833
5-Nov-03,16164.625
6-Nov-03,16313.70833
7-Nov-03,16115.04167
8-Nov-03,15941.66667
9-Nov-03,14639.5
10-Nov-03,16256.04167
11-Nov-03,16822.875
12-Nov-03,17024.16667
13-Nov-03,17286.125
14-Nov-03,17238.70833
15-Nov-03,16875.5
16-Nov-03,15425.875
17-Nov-03,16727.79167
18-Nov-03,17168.20833
19-Nov-03,17167.41667
20-Nov-03,17106.16667
21-Nov-03,16939.41667
22-Nov-03,16421.16667
23-Nov-03,15063.625
24-Nov-03,13902.75
25-Nov-03,11305.08333
26-Nov-03,11437.29167
27-Nov-03,12220.625
28-Nov-03,14095.66667
29-Nov-03,14550.125
30-Nov-03,14312.66667
1-Dec-03,15930.66667
2-Dec-03,16973.58333
3-Dec-03,17504.16667
4-Dec-03,17575.25
5-Dec-03,17450.70833
6-Dec-03,17024.45833
7-Dec-03,15606.83333
8-Dec-03,17220.83333
9-Dec-03,17706.79167
10-Dec-03,17449.91667
11-Dec-03,17641.83333
12-Dec-03,17534.875
13-Dec-03,17145.375
14-Dec-03,15378.33333
15-Dec-03,17230.79167
16-Dec-03,17601.58333
17-Dec-03,17232.79167
18-Dec-03,17626.33333
19-Dec-03,17929.5
20-Dec-03,17433.625
21-Dec-03,15937.41667
22-Dec-03,17595.875
23-Dec-03,17859.875
24-Dec-03,17690.95833
25-Dec-03,17810.95833
26-Dec-03,17806.45833
27-Dec-03,17272.45833
28-Dec-03,15980.125
29-Dec-03,17438.625
30-Dec-03,17644.125
31-Dec-03,16635.29167
1-Jan-04,14640.75
2-Jan-04,17101.25
3-Jan-04,17081.20833
4-Jan-04,15633.20833
5-Jan-04,17356.54167
6-Jan-04,17856.45833
7-Jan-04,17814.95833
8-Jan-04,17870.33333
9-Jan-04,18044
10-Jan-04,17657.20833
11-Jan-04,16109.75
12-Jan-04,17674.08333
13-Jan-04,17830.33333
14-Jan-04,17719.08333
15-Jan-04,17565.20833
16-Jan-04,17402.875
17-Jan-04,16839.95833
18-Jan-04,15414.5
19-Jan-04,17125.66667
20-Jan-04,17374.45833
21-Jan-04,17700.375
22-Jan-04,16808.91667
23-Jan-04,16454.33333
24-Jan-04,15641.83333
25-Jan-04,15177.66667
26-Jan-04,17170.33333
27-Jan-04,17752.08333
28-Jan-04,17715.70833
29-Jan-04,17410.125
30-Jan-04,17458.125
31-Jan-04,14998.29167
1-Feb-04,12219.08333
2-Feb-04,12088.70833
3-Feb-04,12682.58333
4-Feb-04,13445.66667
5-Feb-04,16060.41667
6-Feb-04,16638.83333
7-Feb-04,15959.41667
8-Feb-04,14687.95833
9-Feb-04,16510.33333
10-Feb-04,16896.5
11-Feb-04,17217.91667
12-Feb-04,17340.29167
13-Feb-04,15804.79167
14-Feb-04,15867.83333
15-Feb-04,15332.79167
16-Feb-04,17370.91667
17-Feb-04,17997.125
18-Feb-04,18028.20833
19-Feb-04,17969.54167
20-Feb-04,17840.54167
21-Feb-04,17508.29167
22-Feb-04,15415.25
23-Feb-04,17555.41667
24-Feb-04,17738.33333
25-Feb-04,17236.5
26-Feb-04,16948.08333
27-Feb-04,16563.95833
28-Feb-04,15949.70833
29-Feb-04,14424.04167
1-Mar-04,16376.08333
2-Mar-04,16749.70833
3-Mar-04,16841.75
4-Mar-04,17063.08333
5-Mar-04,17165.70833
6-Mar-04,17042.125
7-Mar-04,15401.04167
8-Mar-04,16943.29167
9-Mar-04,17238.33333
10-Mar-04,17242.45833
11-Mar-04,17479.70833
12-Mar-04,17289.875
13-Mar-04,16840.33333
14-Mar-04,15208.91667
15-Mar-04,16757.375
16-Mar-04,17037.08333
17-Mar-04,16951.25
18-Mar-04,17046.45833
19-Mar-04,16869.79167
20-Mar-04,16418.20833
21-Mar-04,14710.58333
22-Mar-04,16134.33333
23-Mar-04,16168.5
24-Mar-04,16165.08333
25-Mar-04,16289.66667
26-Mar-04,16405.58333
27-Mar-04,15831.125
28-Mar-04,13919.83333
29-Mar-04,16167.83333
30-Mar-04,16483.20833
31-Mar-04,16580.875
1-Apr-04,16562.29167
2-Apr-04,16277.125
3-Apr-04,16319.70833
4-Apr-04,14736.75
5-Apr-04,16440.16667
6-Apr-04,16631.66667
7-Apr-04,16475.75
8-Apr-04,16348.375
9-Apr-04,16059.95833
10-Apr-04,15550.875
11-Apr-04,14065.83333
12-Apr-04,15503.625
13-Apr-04,15896.54167
14-Apr-04,15875.54167
15-Apr-04,16208.45833
16-Apr-04,16065.625
17-Apr-04,15822.5
18-Apr-04,14478.125
19-Apr-04,16017
20-Apr-04,16188.95833
21-Apr-04,16443.08333
22-Apr-04,16150.91667
23-Apr-04,15041.875
24-Apr-04,14804.75
25-Apr-04,13812
26-Apr-04,15615.5
27-Apr-04,16087.33333
28-Apr-04,16237.70833
29-Apr-04,15880.625
30-Apr-04,15602.54167
1-May-04,14867.625
2-May-04,13551.625
3-May-04,15298.29167
4-May-04,15704.58333
5-May-04,15635.33333
6-May-04,15582.66667
7-May-04,15476.29167
8-May-04,15083.58333
9-May-04,13465.29167
10-May-04,15108.83333
11-May-04,15447.125
12-May-04,15633.33333
13-May-04,15754.875
14-May-04,15793.33333
15-May-04,15317.25
16-May-04,13988.83333
17-May-04,15416.45833
18-May-04,15849.20833
19-May-04,14929.70833
20-May-04,15647.20833
21-May-04,15919.33333
22-May-04,15432.625
23-May-04,13782.41667
24-May-04,15492.16667
25-May-04,15912.875
26-May-04,15890.16667
27-May-04,15951.91667
28-May-04,15797.08333
29-May-04,15428.375
30-May-04,13761.375
31-May-04,15533.16667
1-Jun-04,15857.5
2-Jun-04,15861.75
3-Jun-04,15893.41667
4-Jun-04,15871.16667
5-Jun-04,15370.375
6-Jun-04,13642.29167
7-Jun-04,15390.95833
8-Jun-04,15817.16667
9-Jun-04,15944.5
10-Jun-04,16038.70833
11-Jun-04,15888.75
12-Jun-04,15599.66667
13-Jun-04,14078.875
14-Jun-04,16167.95833
15-Jun-04,16561.45833
16-Jun-04,16563.54167
17-Jun-04,16832.625
18-Jun-04,16704.5
19-Jun-04,15771.625
20-Jun-04,14161.79167
21-Jun-04,16199.95833
22-Jun-04,16878.33333
23-Jun-04,16643.91667
24-Jun-04,16594.33333
25-Jun-04,16553.83333
26-Jun-04,16067.875
27-Jun-04,14458.70833
28-Jun-04,16395.54167
29-Jun-04,16944.45833
30-Jun-04,17054.41667
1-Jul-04,17157
2-Jul-04,17135.625
3-Jul-04,16521.5
4-Jul-04,14869.125
5-Jul-04,16908.79167
6-Jul-04,17552.16667
7-Jul-04,17696.375
8-Jul-04,17747.5
9-Jul-04,17630.95833
10-Jul-04,16884.58333
11-Jul-04,15126.75
12-Jul-04,17341.08333
13-Jul-04,17867.875
14-Jul-04,17700.33333
15-Jul-04,17625.625
16-Jul-04,17260.5
17-Jul-04,16524.375
18-Jul-04,14828.41667
19-Jul-04,16910.66667
20-Jul-04,17635.04167
21-Jul-04,17727.29167
22-Jul-04,17889.875
23-Jul-04,17774.70833
24-Jul-04,17099.70833
25-Jul-04,15447.75
26-Jul-04,17603.58333
27-Jul-04,18097.25
28-Jul-04,18264.33333
29-Jul-04,18472.66667
30-Jul-04,18302.79167
31-Jul-04,17552.54167
1-Aug-04,16208.33333
2-Aug-04,17436.45833
3-Aug-04,18041.625
4-Aug-04,18143
5-Aug-04,18099.54167
6-Aug-04,18019.70833
7-Aug-04,17299.33333
8-Aug-04,16245.04167
9-Aug-04,17627.20833
10-Aug-04,18045.83333
11-Aug-04,17726
12-Aug-04,17707.375
13-Aug-04,17851.41667
14-Aug-04,17213.16667
15-Aug-04,15551.91667
16-Aug-04,17354.75
17-Aug-04,17509.54167
18-Aug-04,17603.125
19-Aug-04,17646.79167
20-Aug-04,17691.125
21-Aug-04,17195.70833
22-Aug-04,15478.25
23-Aug-04,17481.33333
24-Aug-04,17998.75
25-Aug-04,18069.45833
26-Aug-04,18149.33333
27-Aug-04,18088.45833
28-Aug-04,17124.125
29-Aug-04,15272.75
30-Aug-04,15934.54167
31-Aug-04,17686.45833
1-Sep-04,17925
2-Sep-04,18091.66667
3-Sep-04,18155.75
4-Sep-04,17376.5
5-Sep-04,15351.25
6-Sep-04,17066.08333
7-Sep-04,17358.625
8-Sep-04,17351.29167
9-Sep-04,17428.5
10-Sep-04,17207.83333
11-Sep-04,16558.16667
12-Sep-04,14773.95833
13-Sep-04,16536.16667
14-Sep-04,17083.33333
15-Sep-04,17095.79167
16-Sep-04,17148.08333
17-Sep-04,17105.08333
18-Sep-04,16580.66667
19-Sep-04,14789.125
20-Sep-04,16485.25
21-Sep-04,16837.91667
22-Sep-04,17217.08333
23-Sep-04,17215.625
24-Sep-04,17076.25
25-Sep-04,16565.70833
26-Sep-04,14846.875
27-Sep-04,16821
28-Sep-04,17162.70833
29-Sep-04,17265.29167
30-Sep-04,17313.79167
1-Oct-04,16705.08333
2-Oct-04,16191.25
3-Oct-04,14492.33333
4-Oct-04,16235.20833
5-Oct-04,16560.125
6-Oct-04,16407.5
7-Oct-04,16396.875
8-Oct-04,16244.58333
9-Oct-04,15847.66667
10-Oct-04,14238
11-Oct-04,15853.29167
12-Oct-04,16553.25
13-Oct-04,16619.70833
14-Oct-04,16877
15-Oct-04,16603.29167
16-Oct-04,16240.58333
17-Oct-04,14599.91667
18-Oct-04,16053.08333
19-Oct-04,16372.16667
20-Oct-04,16554.625
21-Oct-04,16442.45833
22-Oct-04,16480.08333
23-Oct-04,16237
24-Oct-04,14705.75
25-Oct-04,16188.75
26-Oct-04,16659.875
27-Oct-04,16444.70833
28-Oct-04,15950.20833
29-Oct-04,14757.625
30-Oct-04,15048.91667
31-Oct-04,14149.70833
1-Nov-04,16100.20833
2-Nov-04,16383.29167
3-Nov-04,16562.91667
4-Nov-04,16726.875
5-Nov-04,16784.25
6-Nov-04,16697.45833
7-Nov-04,15078.66667
8-Nov-04,16567.625
9-Nov-04,16879.75
10-Nov-04,17005.83333
11-Nov-04,16922.04167
12-Nov-04,16821.29167
13-Nov-04,14368.16667
14-Nov-04,11624.04167
15-Nov-04,11717.54167
16-Nov-04,12761.29167
17-Nov-04,16129.04167
18-Nov-04,16898.04167
19-Nov-04,17093.41667
20-Nov-04,16892.875
21-Nov-04,15405.54167
22-Nov-04,17355.45833
23-Nov-04,18105.29167
24-Nov-04,18557.29167
25-Nov-04,18713.45833
26-Nov-04,18370.91667
27-Nov-04,17608.875
28-Nov-04,16034.875
29-Nov-04,17961.79167
30-Nov-04,18225.08333
1-Dec-04,18134.29167
2-Dec-04,18396.66667
3-Dec-04,17853.33333
4-Dec-04,17394.66667
5-Dec-04,15720.08333
6-Dec-04,17669.83333
7-Dec-04,18415.54167
8-Dec-04,18461.66667
9-Dec-04,18421.54167
10-Dec-04,18688.83333
11-Dec-04,18174.375
12-Dec-04,16348.16667
13-Dec-04,18350.54167
14-Dec-04,18968.79167
15-Dec-04,19118.04167
16-Dec-04,19234
17-Dec-04,19029.91667
18-Dec-04,18467.625
19-Dec-04,16609.16667
20-Dec-04,18586.79167
21-Dec-04,18896.20833
22-Dec-04,19045.875
23-Dec-04,19058.79167
24-Dec-04,18951.08333
25-Dec-04,18257.54167
26-Dec-04,16624.125
27-Dec-04,18095.04167
28-Dec-04,18379.54167
29-Dec-04,18310.08333
30-Dec-04,18080.41667
31-Dec-04,17013.04167
1-Jan-05,14731.95833
2-Jan-05,15519.70833
3-Jan-05,17910.125
4-Jan-05,18725.29167
5-Jan-05,18506.16667
6-Jan-05,18532.625
7-Jan-05,18673.83333
8-Jan-05,18139
9-Jan-05,16509.16667
10-Jan-05,18215.25
11-Jan-05,18567.54167
12-Jan-05,18685.04167
13-Jan-05,18736.125
14-Jan-05,18982.375
15-Jan-05,18601.75
16-Jan-05,17257.79167
17-Jan-05,18653.45833
18-Jan-05,18604.08333
19-Jan-05,15807.45833
20-Jan-05,12741.29167
21-Jan-05,12614.625
22-Jan-05,13590.41667
23-Jan-05,14273.29167
24-Jan-05,17733.625
25-Jan-05,18549.04167
26-Jan-05,18332.875
27-Jan-05,18446.25
28-Jan-05,18427.08333
29-Jan-05,17768.70833
30-Jan-05,16156.41667
31-Jan-05,18308.75
1-Feb-05,18946.125
2-Feb-05,18852.58333
3-Feb-05,18340.66667
4-Feb-05,18170.5
5-Feb-05,17553.95833
6-Feb-05,16095.66667
7-Feb-05,17915.66667
8-Feb-05,18412.41667
9-Feb-05,18697.54167
10-Feb-05,18745.20833
11-Feb-05,18426.66667
12-Feb-05,17582.41667
13-Feb-05,16711.375
14-Feb-05,18650.58333
15-Feb-05,19172.95833
16-Feb-05,19270.91667
17-Feb-05,19183.91667
18-Feb-05,19053.75
19-Feb-05,18625.16667
20-Feb-05,16521.45833
21-Feb-05,18719.79167
22-Feb-05,18930.54167
23-Feb-05,18512.33333
24-Feb-05,18216.79167
25-Feb-05,17907.75
26-Feb-05,17292.875
27-Feb-05,15606.875
28-Feb-05,17621.25
1-Mar-05,18502.83333
2-Mar-05,18303.875
3-Mar-05,18592.66667
4-Mar-05,18422.25
5-Mar-05,17747.58333
6-Mar-05,16106.16667
7-Mar-05,17758.29167
8-Mar-05,18590.33333
9-Mar-05,18052.29167
10-Mar-05,18528.5
11-Mar-05,18703.625
12-Mar-05,18119.91667
13-Mar-05,16272.29167
14-Mar-05,18012.75
15-Mar-05,18204.29167
16-Mar-05,18205
17-Mar-05,18199.625
18-Mar-05,17937.58333
19-Mar-05,17227.91667
20-Mar-05,15886.83333
21-Mar-05,17798.83333
22-Mar-05,18518.375
23-Mar-05,18444.58333
24-Mar-05,18404.66667
25-Mar-05,18366.33333
26-Mar-05,17665.70833
27-Mar-05,15744.29167
28-Mar-05,17399.5
29-Mar-05,17969.29167
30-Mar-05,17915.04167
31-Mar-05,18100.08333
1-Apr-05,17633
2-Apr-05,17478.125
3-Apr-05,16070.41667
4-Apr-05,18175.54167
5-Apr-05,18303.375
6-Apr-05,18278.54167
7-Apr-05,18132.70833
8-Apr-05,17973.20833
9-Apr-05,17333.375
10-Apr-05,15309.375
11-Apr-05,16932.375
12-Apr-05,17272.75
13-Apr-05,17428.16667
14-Apr-05,17441.95833
15-Apr-05,17403.33333
16-Apr-05,16985.04167
17-Apr-05,15229.375
18-Apr-05,16915.70833
19-Apr-05,17204.20833
20-Apr-05,17314.125
21-Apr-05,17407.08333
22-Apr-05,17188.91667
23-Apr-05,16106.04167
24-Apr-05,14974.83333
25-Apr-05,16878.29167
26-Apr-05,17348.25
27-Apr-05,17419
28-Apr-05,17414.58333
29-Apr-05,17405
30-Apr-05,16900
1-May-05,15783.33333
2-May-05,16824.04167
3-May-05,17373.70833
4-May-05,17450.75
5-May-05,17415.33333
6-May-05,17419.75
7-May-05,16666.41667
8-May-05,14700.20833
9-May-05,16626.33333
10-May-05,17119.29167
11-May-05,17288.875
12-May-05,17413.375
13-May-05,17440.125
14-May-05,17049.91667
15-May-05,15222.58333
16-May-05,16970.16667
17-May-05,17359.875
18-May-05,17302.75
19-May-05,16508.875
20-May-05,17307.41667
21-May-05,16899.25
22-May-05,15224.70833
23-May-05,16996.91667
24-May-05,17447.91667
25-May-05,17417.58333
26-May-05,17428.91667
27-May-05,17192.04167
28-May-05,16644.95833
29-May-05,14870.08333
30-May-05,16622.54167
31-May-05,17097.54167
1-Jun-05,17034.04167
2-Jun-05,17114.33333
3-Jun-05,17011.66667
4-Jun-05,16703.45833
5-Jun-05,14867.875
6-Jun-05,16948.625
7-Jun-05,17310.70833
8-Jun-05,17586.75
9-Jun-05,17680.41667
10-Jun-05,17537.04167
11-Jun-05,16830.875
12-Jun-05,15026.75
13-Jun-05,17230.95833
14-Jun-05,17739.5
15-Jun-05,17690.04167
16-Jun-05,17961.875
17-Jun-05,18016.58333
18-Jun-05,17525.70833
19-Jun-05,15499.625
20-Jun-05,17479.5
21-Jun-05,18022.66667
22-Jun-05,18044.16667
23-Jun-05,18094.29167
24-Jun-05,18179.91667
25-Jun-05,17655.54167
26-Jun-05,15554.625
27-Jun-05,17795.625
28-Jun-05,18701.625
29-Jun-05,18733.125
30-Jun-05,18873.375
1-Jul-05,19069.58333
2-Jul-05,18442.79167
3-Jul-05,16400.29167
4-Jul-05,18318.33333
5-Jul-05,19265.08333
6-Jul-05,18979.33333
7-Jul-05,19187.20833
8-Jul-05,19405.79167
9-Jul-05,18654.54167
10-Jul-05,16595.125
11-Jul-05,19057.125
12-Jul-05,19762.41667
13-Jul-05,19763.875
14-Jul-05,19561.25
15-Jul-05,19234.54167
16-Jul-05,18171.45833
17-Jul-05,16396.41667
18-Jul-05,18773.125
19-Jul-05,19509.79167
20-Jul-05,19706.91667
21-Jul-05,19860.20833
22-Jul-05,19767.625
23-Jul-05,18955.29167
24-Jul-05,17070.75
25-Jul-05,19246.70833
26-Jul-05,19832.75
27-Jul-05,19935.58333
28-Jul-05,20020.70833
29-Jul-05,20075.70833
30-Jul-05,19344.125
31-Jul-05,17243.16667
1-Aug-05,19506.375
2-Aug-05,19730.875
3-Aug-05,20046.04167
4-Aug-05,20157.70833
5-Aug-05,19952.54167
6-Aug-05,19123.08333
7-Aug-05,17201.79167
8-Aug-05,19149.83333
9-Aug-05,19618.29167
10-Aug-05,19734.375
11-Aug-05,19592.25
12-Aug-05,19688.08333
13-Aug-05,19085.95833
14-Aug-05,17372.33333
15-Aug-05,19487.33333
16-Aug-05,20078.58333
17-Aug-05,20003.79167
18-Aug-05,19982.04167
19-Aug-05,19920.25
20-Aug-05,19104.95833
21-Aug-05,17146.45833
22-Aug-05,19414.79167
23-Aug-05,20197.75
24-Aug-05,20232.08333
25-Aug-05,20113.66667
26-Aug-05,20101
27-Aug-05,19123.08333
28-Aug-05,17032.29167
29-Aug-05,18792.25
30-Aug-05,18684.66667
31-Aug-05,19595.875
1-Sep-05,19781.45833
2-Sep-05,19433.79167
3-Sep-05,18506.66667
4-Sep-05,16161.58333
5-Sep-05,18245.41667
6-Sep-05,18844.83333
7-Sep-05,18918.04167
8-Sep-05,19045.66667
9-Sep-05,18941.83333
10-Sep-05,18175.375
11-Sep-05,16428.66667
12-Sep-05,18257.5
13-Sep-05,18876.625
14-Sep-05,18899.16667
15-Sep-05,18896.125
16-Sep-05,18433.91667
17-Sep-05,18031.08333
18-Sep-05,16309.79167
19-Sep-05,18210.25
20-Sep-05,18531.70833
21-Sep-05,18751.16667
22-Sep-05,18659.95833
23-Sep-05,18467.16667
24-Sep-05,17704.29167
25-Sep-05,15673.25
26-Sep-05,17589.16667
27-Sep-05,18295.375
28-Sep-05,18299.66667
29-Sep-05,18966.29167
30-Sep-05,18405.5
1-Oct-05,17995.08333
2-Oct-05,16126.41667
3-Oct-05,17975.375
4-Oct-05,18464.41667
5-Oct-05,18191.91667
6-Oct-05,18160.70833
7-Oct-05,17981
8-Oct-05,17665.83333
9-Oct-05,15938.08333
10-Oct-05,17678.08333
11-Oct-05,18414.79167
12-Oct-05,18331.58333
13-Oct-05,18610.5
14-Oct-05,18449.875
15-Oct-05,18081.79167
16-Oct-05,16413.83333
17-Oct-05,17942.95833
18-Oct-05,18333.66667
19-Oct-05,18550.91667
20-Oct-05,18501.875
21-Oct-05,18467.83333
22-Oct-05,18242.70833
23-Oct-05,16548.29167
24-Oct-05,18092.70833
25-Oct-05,18558.70833
26-Oct-05,18327.29167
27-Oct-05,18300.75
28-Oct-05,17642.75
29-Oct-05,17037.08333
30-Oct-05,16108.41667
31-Oct-05,18112.25
1-Nov-05,18577.5
2-Nov-05,16815.58333
3-Nov-05,14191.625
4-Nov-05,13949.58333
5-Nov-05,14394.5
6-Nov-05,15579.33333
7-Nov-05,18239.70833
8-Nov-05,18849.20833
9-Nov-05,18883.16667
10-Nov-05,18899.33333
11-Nov-05,18916.25
12-Nov-05,18696.79167
13-Nov-05,17043.91667
14-Nov-05,18941.16667
15-Nov-05,19478.25
16-Nov-05,19421.83333
17-Nov-05,19330.875
18-Nov-05,19374.375
19-Nov-05,18875.41667
20-Nov-05,17354.29167
21-Nov-05,19276.625
22-Nov-05,19915.58333
23-Nov-05,20326.79167
24-Nov-05,20124.95833
25-Nov-05,19988.91667
26-Nov-05,19198.16667
27-Nov-05,17091.75
28-Nov-05,18893.91667
29-Nov-05,19350.41667
30-Nov-05,19144.125
1-Dec-05,19194.70833
2-Dec-05,19237.91667
3-Dec-05,18619.66667
4-Dec-05,16897.20833
5-Dec-05,18691.625
6-Dec-05,19329.04167
7-Dec-05,19254.04167
8-Dec-05,19409.54167
9-Dec-05,19427.125
10-Dec-05,19136.16667
11-Dec-05,17399.29167
12-Dec-05,19480.45833
13-Dec-05,19893
14-Dec-05,19916.66667
15-Dec-05,20005.04167
16-Dec-05,19968.08333
17-Dec-05,19231.75
18-Dec-05,17362.91667
19-Dec-05,19542.875
20-Dec-05,20117.33333
21-Dec-05,20338.25
22-Dec-05,20571.625
23-Dec-05,20554
24-Dec-05,20024.25
25-Dec-05,18099.375
26-Dec-05,20029.70833
27-Dec-05,20431.41667
28-Dec-05,20173.66667
29-Dec-05,19954.45833
30-Dec-05,19596.875
31-Dec-05,17830.41667
1-Jan-06,16190.66667
2-Jan-06,19285
3-Jan-06,19747.08333
4-Jan-06,20050.75
5-Jan-06,20241.95833
6-Jan-06,19878.54167
7-Jan-06,19201.66667
8-Jan-06,17719.91667
9-Jan-06,16325.875
10-Jan-06,14043.66667
11-Jan-06,13821.58333
12-Jan-06,14284.54167
13-Jan-06,15023.79167
14-Jan-06,16264.25
15-Jan-06,16708.08333
16-Jan-06,19682.20833
17-Jan-06,20332.33333
18-Jan-06,20541.04167
19-Jan-06,20747.625
20-Jan-06,20369.16667
21-Jan-06,19181.04167
22-Jan-06,17689.875
23-Jan-06,19751.625
24-Jan-06,20122.45833
25-Jan-06,19649.375
26-Jan-06,19459.375
27-Jan-06,20023.04167
28-Jan-06,19818.08333
29-Jan-06,17983.375
30-Jan-06,20314.75
31-Jan-06,20684.54167
1-Feb-06,20522.41667
2-Feb-06,20642.29167
3-Feb-06,20442.16667
4-Feb-06,19679
5-Feb-06,18197.33333
6-Feb-06,19954.25
7-Feb-06,20403.16667
8-Feb-06,20643.54167
9-Feb-06,20619.04167
10-Feb-06,20586.08333
11-Feb-06,19784.41667
12-Feb-06,18005.16667
13-Feb-06,20063.70833
14-Feb-06,20732.5
15-Feb-06,20822.25
16-Feb-06,20944.08333
17-Feb-06,20973.375
18-Feb-06,20044.79167
19-Feb-06,17964.08333
20-Feb-06,19306.04167
21-Feb-06,19552.79167
22-Feb-06,19299.16667
23-Feb-06,19323.375
24-Feb-06,19479.5
25-Feb-06,18954.875
26-Feb-06,17208.95833
27-Feb-06,19063.75
28-Feb-06,19468.79167
1-Mar-06,19074.58333
2-Mar-06,19206.08333
3-Mar-06,19382.45833
4-Mar-06,18731.5
5-Mar-06,16885.54167
6-Mar-06,18527.54167
7-Mar-06,19391.79167
8-Mar-06,19685.25
9-Mar-06,20097.125
10-Mar-06,20027.625
11-Mar-06,19479.91667
12-Mar-06,17477.375
13-Mar-06,19125.83333
14-Mar-06,19849.66667
15-Mar-06,19902.83333
16-Mar-06,20105.875
17-Mar-06,20024.08333
18-Mar-06,19620.375
19-Mar-06,17525.20833
20-Mar-06,19399.20833
21-Mar-06,19620.29167
22-Mar-06,19276.95833
23-Mar-06,19167.45833
24-Mar-06,19421.54167
25-Mar-06,18981.91667
26-Mar-06,17170.66667
27-Mar-06,18948.08333
28-Mar-06,19183.95833
29-Mar-06,19131.79167
30-Mar-06,19361.875
31-Mar-06,19094.91667
1-Apr-06,18619.20833
2-Apr-06,16847.79167
3-Apr-06,18459.91667
4-Apr-06,18992.70833
5-Apr-06,19081.33333
6-Apr-06,19001.25
7-Apr-06,18893.125
8-Apr-06,18500.91667
9-Apr-06,16661.41667
10-Apr-06,18322.45833
11-Apr-06,18768.75
12-Apr-06,18650.45833
13-Apr-06,18678.875
14-Apr-06,18853.04167
15-Apr-06,18269.41667
16-Apr-06,16180.83333
17-Apr-06,18014.41667
18-Apr-06,18522.58333
19-Apr-06,18609.20833
20-Apr-06,18635.16667
21-Apr-06,18455.16667
22-Apr-06,17944.08333
23-Apr-06,15749.83333
24-Apr-06,18218.08333
25-Apr-06,18757.41667
26-Apr-06,18936.83333
27-Apr-06,19044.33333
28-Apr-06,18991.04167
29-Apr-06,18640.20833
30-Apr-06,16700.04167
1-May-06,18646.45833
2-May-06,18913.08333
3-May-06,18787.58333
4-May-06,18868.95833
5-May-06,18799.41667
6-May-06,18023.125
7-May-06,16219.20833
8-May-06,18257.5
9-May-06,18662.66667
10-May-06,18616.29167
11-May-06,18581.25
12-May-06,18455.875
13-May-06,17894.41667
14-May-06,16061.91667
15-May-06,17949.875
16-May-06,18470.375
17-May-06,18509.83333
18-May-06,18428.83333
19-May-06,17181.54167
20-May-06,16900.125
21-May-06,15800.125
22-May-06,18152.66667
23-May-06,19034.16667
24-May-06,19253.70833
25-May-06,19496.75
26-May-06,19329.875
27-May-06,18564.5
28-May-06,16619.375
29-May-06,19007.08333
30-May-06,19643.83333
31-May-06,19692.04167
1-Jun-06,19626.58333
2-Jun-06,19861.70833
3-Jun-06,19292.04167
4-Jun-06,17134.79167
5-Jun-06,19540.79167
6-Jun-06,19873.75
7-Jun-06,19721.29167
8-Jun-06,19626.45833
9-Jun-06,19208.79167
10-Jun-06,18457.08333
11-Jun-06,16652.04167
12-Jun-06,18907.04167
13-Jun-06,19396.54167
14-Jun-06,19268.04167
15-Jun-06,19546.04167
16-Jun-06,19301.625
17-Jun-06,18692.66667
18-Jun-06,17490.75
19-Jun-06,19780.41667
20-Jun-06,19961.45833
21-Jun-06,20584.70833
22-Jun-06,20684.625
23-Jun-06,20646.20833
24-Jun-06,20033.29167
25-Jun-06,18141.33333
26-Jun-06,20403
27-Jun-06,20651.29167
28-Jun-06,20911.66667
29-Jun-06,20843.08333
30-Jun-06,20883.75
1-Jul-06,19790.25
2-Jul-06,17879.875
3-Jul-06,19884.70833
4-Jul-06,20047.95833
5-Jul-06,20175.33333
6-Jul-06,20322.54167
7-Jul-06,20393.625
8-Jul-06,19707.75
9-Jul-06,17680
10-Jul-06,20044.08333
11-Jul-06,20794.33333
12-Jul-06,21087.875
13-Jul-06,21224.83333
14-Jul-06,21166.08333
15-Jul-06,20407.20833
16-Jul-06,18282.54167
17-Jul-06,20675.875
18-Jul-06,21294.58333
19-Jul-06,21426.29167
20-Jul-06,21596.70833
21-Jul-06,21435.125
22-Jul-06,20581.83333
23-Jul-06,18375.70833
24-Jul-06,20947.41667
25-Jul-06,21630.33333
26-Jul-06,21690.41667
27-Jul-06,21640.41667
28-Jul-06,21672.58333
29-Jul-06,20741.04167
30-Jul-06,18668.58333
31-Jul-06,21117.41667
1-Aug-06,21667.875
2-Aug-06,21774.91667
3-Aug-06,21614.33333
4-Aug-06,21989.875
5-Aug-06,21311.04167
6-Aug-06,19160.95833
7-Aug-06,21479.79167
8-Aug-06,21749.95833
9-Aug-06,21858.20833
10-Aug-06,21842.54167
11-Aug-06,21961.33333
12-Aug-06,21061.66667
13-Aug-06,18937.75
14-Aug-06,21600.91667
15-Aug-06,22215.16667
16-Aug-06,22363.79167
17-Aug-06,22381.04167
18-Aug-06,22256.875
19-Aug-06,21235.75
20-Aug-06,19077.875
21-Aug-06,21437.45833
22-Aug-06,22356.95833
23-Aug-06,22232.45833
24-Aug-06,22292.875
25-Aug-06,21991.41667
26-Aug-06,21336.875
27-Aug-06,18983.375
28-Aug-06,21330.66667
29-Aug-06,21651.45833
30-Aug-06,20637
31-Aug-06,21400.45833
1-Sep-06,20366.875
2-Sep-06,19714.66667
3-Sep-06,17504.45833
4-Sep-06,20127.79167
5-Sep-06,21065.29167
6-Sep-06,21180.66667
7-Sep-06,20943.79167
8-Sep-06,20971.41667
9-Sep-06,20091.875
10-Sep-06,17859.125
11-Sep-06,20090
12-Sep-06,20623.04167
13-Sep-06,20610.125
14-Sep-06,20720.54167
15-Sep-06,20464.33333
16-Sep-06,19745
17-Sep-06,17643.41667
18-Sep-06,19701.20833
19-Sep-06,19906.45833
20-Sep-06,20117.625
21-Sep-06,19871
22-Sep-06,19723.04167
23-Sep-06,19120.125
24-Sep-06,16893
25-Sep-06,18582.95833
26-Sep-06,18936.29167
27-Sep-06,19151.16667
28-Sep-06,19272.08333
29-Sep-06,19103.08333
30-Sep-06,18698.58333
1-Oct-06,16803.95833
2-Oct-06,18524.45833
3-Oct-06,18958.16667
4-Oct-06,18994.875
5-Oct-06,19205.125
6-Oct-06,19154.75
7-Oct-06,18849.70833
8-Oct-06,16974.70833
9-Oct-06,18635.66667
10-Oct-06,19148.20833
11-Oct-06,19214.29167
12-Oct-06,19104.20833
13-Oct-06,19083.20833
14-Oct-06,18731.29167
15-Oct-06,16886.375
16-Oct-06,18586.41667
17-Oct-06,19258.91667
18-Oct-06,19440.04167
19-Oct-06,19361.33333
20-Oct-06,19128.54167
21-Oct-06,18435.25
22-Oct-06,15866.16667
23-Oct-06,14031.04167
24-Oct-06,14182
25-Oct-06,15089.20833
26-Oct-06,17799.45833
27-Oct-06,18518.25
28-Oct-06,18118.04167
29-Oct-06,16612.75
30-Oct-06,18949.5
31-Oct-06,19648.875
1-Nov-06,19677.375
2-Nov-06,19953.16667
3-Nov-06,20359.16667
4-Nov-06,20267.70833
5-Nov-06,18274.58333
6-Nov-06,20786.95833
7-Nov-06,20994.41667
8-Nov-06,20994.70833
9-Nov-06,20964.91667
10-Nov-06,20904.70833
11-Nov-06,20645.45833
12-Nov-06,18582.58333
13-Nov-06,20706.29167
14-Nov-06,21126.54167
15-Nov-06,21139
16-Nov-06,21166.79167
17-Nov-06,20884.04167
18-Nov-06,20330.45833
19-Nov-06,18368.83333
20-Nov-06,20702.04167
21-Nov-06,21290.625
22-Nov-06,21297.58333
23-Nov-06,21298.95833
24-Nov-06,21011.70833
25-Nov-06,20396.125
26-Nov-06,18505.08333
27-Nov-06,20725.75
28-Nov-06,21130.45833
29-Nov-06,21339.5
30-Nov-06,21629.20833
1-Dec-06,21237.58333
2-Dec-06,20791.79167
3-Dec-06,18896.29167
4-Dec-06,21308.70833
5-Dec-06,21730.16667
6-Dec-06,21859.33333
7-Dec-06,21853.625
8-Dec-06,21673.16667
9-Dec-06,21050.41667
10-Dec-06,19075.04167
11-Dec-06,21282.79167
12-Dec-06,22122.95833
13-Dec-06,22172.70833
14-Dec-06,22135.91667
15-Dec-06,22050.25
16-Dec-06,21302.5
17-Dec-06,19242.45833
18-Dec-06,21388.16667
19-Dec-06,21996.95833
20-Dec-06,22092.70833
21-Dec-06,22272.08333
22-Dec-06,22333.08333
23-Dec-06,21861.75
24-Dec-06,19848.79167
25-Dec-06,22346.79167
26-Dec-06,22701.04167
27-Dec-06,22588.875
28-Dec-06,22605.83333
29-Dec-06,21913.66667
30-Dec-06,18898.04167
31-Dec-06,15818.04167
1-Jan-07,15532.08333
2-Jan-07,15936.20833
3-Jan-07,16619.75
4-Jan-07,19983.58333
5-Jan-07,20555.25
6-Jan-07,20235.66667
7-Jan-07,18820.45833
8-Jan-07,21055.875
9-Jan-07,21606.41667
10-Jan-07,21456.875
11-Jan-07,21367
12-Jan-07,21587.08333
13-Jan-07,20950.70833
14-Jan-07,19085.375
15-Jan-07,21500.33333
16-Jan-07,21819.125
17-Jan-07,21956.25
18-Jan-07,21848.75
19-Jan-07,21992.83333
20-Jan-07,21338.83333
21-Jan-07,19489.29167
22-Jan-07,21245.75
23-Jan-07,21509.91667
24-Jan-07,21515.54167
25-Jan-07,21173.41667
26-Jan-07,21630.08333
27-Jan-07,21293.58333
28-Jan-07,19686.25
29-Jan-07,22000.79167
30-Jan-07,22513.04167
31-Jan-07,20972.54167
1-Feb-07,22586.375
2-Feb-07,22333.625
3-Feb-07,21539.25
4-Feb-07,19711.125
5-Feb-07,21826.20833
6-Feb-07,22342.70833
7-Feb-07,22552.33333
8-Feb-07,22369.20833
9-Feb-07,22353.58333
10-Feb-07,21481
11-Feb-07,19515.25
12-Feb-07,21784.375
13-Feb-07,22290.41667
14-Feb-07,22517.58333
15-Feb-07,22781.91667
16-Feb-07,22676.16667
17-Feb-07,21848.45833
18-Feb-07,19571.66667
19-Feb-07,21258.54167
20-Feb-07,21551.75
21-Feb-07,21339.625
22-Feb-07,21338.83333
23-Feb-07,21497.16667
24-Feb-07,21002.75
25-Feb-07,18901.83333
26-Feb-07,21073.83333
27-Feb-07,21409.66667
28-Feb-07,21339.83333
1-Mar-07,21675.5
2-Mar-07,21377.70833
3-Mar-07,20577.5
4-Mar-07,18666.16667
5-Mar-07,20993
6-Mar-07,21224.33333
7-Mar-07,21119.33333
8-Mar-07,21171
9-Mar-07,21114.625
10-Mar-07,20454.91667
11-Mar-07,18663.625
12-Mar-07,20565.79167
13-Mar-07,21550.91667
14-Mar-07,21954.625
15-Mar-07,21846.875
16-Mar-07,21535.125
17-Mar-07,20797.75
18-Mar-07,18608.625
19-Mar-07,20442.83333
20-Mar-07,20793.79167
21-Mar-07,20486
22-Mar-07,20732.66667
23-Mar-07,20486.95833
24-Mar-07,19908.83333
25-Mar-07,17991.625
26-Mar-07,20420.5
27-Mar-07,21198.66667
28-Mar-07,21430.66667
29-Mar-07,21391.16667
30-Mar-07,21199.75
31-Mar-07,20700.54167
1-Apr-07,18776.54167
2-Apr-07,20341.875
3-Apr-07,20964.29167
4-Apr-07,20825.33333
5-Apr-07,21133.75
6-Apr-07,20898.79167
7-Apr-07,19905.95833
8-Apr-07,17859.45833
9-Apr-07,20087.83333
10-Apr-07,20495.54167
11-Apr-07,20834.125
12-Apr-07,20730.375
13-Apr-07,20694.66667
14-Apr-07,19958.20833
15-Apr-07,17920.41667
16-Apr-07,20116.58333
17-Apr-07,20594.75
18-Apr-07,20916
19-Apr-07,21085.29167
20-Apr-07,20549.625
21-Apr-07,19823.04167
22-Apr-07,17458.75
23-Apr-07,18523.16667
24-Apr-07,20447.83333
25-Apr-07,20865
26-Apr-07,20889.95833
27-Apr-07,20843.66667
28-Apr-07,20294.33333
29-Apr-07,18051.875
30-Apr-07,20132.08333
1-May-07,20412.66667
2-May-07,20690.91667
3-May-07,20635.41667
4-May-07,20582.75
5-May-07,20067.875
6-May-07,17912.91667
7-May-07,20181.29167
8-May-07,20616.125
9-May-07,20740.75
10-May-07,20816.45833
11-May-07,20715.20833
12-May-07,19826.66667
13-May-07,17578.95833
14-May-07,19883
15-May-07,20562.45833
16-May-07,20654.29167
17-May-07,20690.625
18-May-07,20358.33333
19-May-07,18649.04167
20-May-07,17337.04167
21-May-07,19735.08333
22-May-07,20343.16667
23-May-07,20376.83333
24-May-07,20569.70833
25-May-07,20753.58333
26-May-07,20006.08333
27-May-07,17571.875
28-May-07,20116
29-May-07,20590.83333
30-May-07,20915.70833
31-May-07,20877.25
1-Jun-07,20750.79167
2-Jun-07,20052.54167
3-Jun-07,17994.70833
4-Jun-07,20492
5-Jun-07,21137.54167
6-Jun-07,21209.66667
7-Jun-07,20949.70833
8-Jun-07,20534.29167
9-Jun-07,19826.25
10-Jun-07,17791.75
11-Jun-07,19831.54167
12-Jun-07,20810.91667
13-Jun-07,21220.20833
14-Jun-07,21469.54167
15-Jun-07,21521.16667
16-Jun-07,20827.58333
17-Jun-07,18650.08333
18-Jun-07,21568.33333
19-Jun-07,22041.66667
20-Jun-07,22352.16667
21-Jun-07,22590.95833
22-Jun-07,22385.66667
23-Jun-07,22121.79167
24-Jun-07,19912.875
25-Jun-07,22716.41667
26-Jun-07,23533.54167
27-Jun-07,23777.33333
28-Jun-07,24141.29167
29-Jun-07,23819.66667
30-Jun-07,22298.45833
1-Jul-07,19512.75
2-Jul-07,22304.79167
3-Jul-07,23030.91667
4-Jul-07,23305.29167
5-Jul-07,23554
6-Jul-07,23159.41667
7-Jul-07,22104.16667
8-Jul-07,19854.66667
9-Jul-07,22874.25
10-Jul-07,23773.95833
11-Jul-07,23865.33333
12-Jul-07,24095.41667
13-Jul-07,23387.45833
14-Jul-07,22256.25
15-Jul-07,20109.16667
16-Jul-07,22503.95833
17-Jul-07,22990.54167
18-Jul-07,23664.375
19-Jul-07,24068.79167
20-Jul-07,24269.625
21-Jul-07,23383
22-Jul-07,20333.58333
23-Jul-07,23908.54167
24-Jul-07,24615.75
25-Jul-07,24653.75
26-Jul-07,24946.95833
27-Jul-07,24829.58333
28-Jul-07,23785.25
29-Jul-07,21317.70833
30-Jul-07,24096.54167
31-Jul-07,24661.16667
1-Aug-07,24653.625
2-Aug-07,23893.75
3-Aug-07,23832.66667
4-Aug-07,22801.58333
5-Aug-07,20389.54167
6-Aug-07,23284.91667
7-Aug-07,23497.5
8-Aug-07,23468.66667
9-Aug-07,23698.25
10-Aug-07,23772.54167
11-Aug-07,23101.79167
12-Aug-07,20700.125
13-Aug-07,23456.33333
14-Aug-07,23916.58333
15-Aug-07,24038.375
16-Aug-07,23959.125
17-Aug-07,23910
18-Aug-07,22741.625
19-Aug-07,20512.79167
20-Aug-07,23355.95833
21-Aug-07,24221.45833
22-Aug-07,24354.79167
23-Aug-07,24371.20833
24-Aug-07,24181.25
25-Aug-07,23080.875
26-Aug-07,20597.95833
27-Aug-07,23282.29167
28-Aug-07,23446.375
29-Aug-07,23699.08333
30-Aug-07,22636.45833
31-Aug-07,23660.66667
1-Sep-07,22847.70833
2-Sep-07,20361.16667
3-Sep-07,23158.04167
4-Sep-07,23997.625
5-Sep-07,23849.04167
6-Sep-07,23592.58333
7-Sep-07,23083.25
8-Sep-07,21535.75
9-Sep-07,19002.75
10-Sep-07,21294.66667
11-Sep-07,22035.5
12-Sep-07,22062.08333
13-Sep-07,21745.04167
14-Sep-07,21524.29167
15-Sep-07,21012.54167
16-Sep-07,18999.375
17-Sep-07,20596.83333
18-Sep-07,21262.83333
19-Sep-07,21340.16667
20-Sep-07,21586.125
21-Sep-07,21415.58333
22-Sep-07,20851.41667
23-Sep-07,18680.29167
24-Sep-07,20428.41667
25-Sep-07,20875.29167
26-Sep-07,21018.66667
27-Sep-07,21239.66667
28-Sep-07,21160
29-Sep-07,20675.125
30-Sep-07,18595.04167
1-Oct-07,20479.75
2-Oct-07,21087.375
3-Oct-07,21186.45833
4-Oct-07,20902.5
5-Oct-07,20720.20833
6-Oct-07,20311.04167
7-Oct-07,18745.29167
8-Oct-07,20500.41667
9-Oct-07,21004.08333
10-Oct-07,20629.70833
11-Oct-07,17673.5
12-Oct-07,13421.25
13-Oct-07,13342.20833
14-Oct-07,14433.5
15-Oct-07,19077.91667
16-Oct-07,20578.79167
17-Oct-07,20674.54167
18-Oct-07,20730.25
19-Oct-07,20657.45833
20-Oct-07,20145.08333
21-Oct-07,18135.58333
22-Oct-07,20228.375
23-Oct-07,20729.91667
24-Oct-07,20858.08333
25-Oct-07,20886.625
26-Oct-07,20842.04167
27-Oct-07,20296.33333
28-Oct-07,18156.20833
29-Oct-07,18799.83333
30-Oct-07,20617.91667
31-Oct-07,21085.08333
1-Nov-07,21118.20833
2-Nov-07,21354.58333
3-Nov-07,20994.58333
4-Nov-07,18869.25
5-Nov-07,21452.41667
6-Nov-07,22343.25
7-Nov-07,22558.33333
8-Nov-07,22680.5
9-Nov-07,22601.54167
10-Nov-07,21770.79167
11-Nov-07,19628.625
12-Nov-07,21882.91667
13-Nov-07,22637.875
14-Nov-07,22836.5
15-Nov-07,22215.625
16-Nov-07,22119.70833
17-Nov-07,21457.5
18-Nov-07,19493.33333
19-Nov-07,21956.25
20-Nov-07,23039.91667
21-Nov-07,23232.125
22-Nov-07,23284.25
23-Nov-07,22798.375
24-Nov-07,22167.125
25-Nov-07,20143.58333
26-Nov-07,22632.25
27-Nov-07,23301.375
28-Nov-07,23462.79167
29-Nov-07,23706.125
30-Nov-07,23365.75
1-Dec-07,22723.08333
2-Dec-07,20448.5
3-Dec-07,22903.75
4-Dec-07,23406.625
5-Dec-07,23530.125
6-Dec-07,23682.33333
7-Dec-07,23564.91667
8-Dec-07,22627
9-Dec-07,20651.70833
10-Dec-07,22969
11-Dec-07,23284.54167
12-Dec-07,23374.16667
13-Dec-07,23943.29167
14-Dec-07,23806.58333
15-Dec-07,23138.875
16-Dec-07,21479.75
17-Dec-07,23490.375
18-Dec-07,23399.16667
19-Dec-07,20375.54167
20-Dec-07,16783.75
21-Dec-07,16712
22-Dec-07,17178
23-Dec-07,18075.125
24-Dec-07,23026.875
25-Dec-07,23995.5
26-Dec-07,24048.20833
27-Dec-07,24163.08333
28-Dec-07,24154.70833
29-Dec-07,23520.20833
30-Dec-07,21460.83333
31-Dec-07,21992.04167
1-Jan-08,20174.58333
2-Jan-08,23816.75
3-Jan-08,24519.5
4-Jan-08,24591.91667
5-Jan-08,23985.04167
6-Jan-08,21405.125
7-Jan-08,24086.29167
8-Jan-08,24579.91667
9-Jan-08,24727.25
10-Jan-08,24846.83333
11-Jan-08,24608.25
12-Jan-08,23861.45833
13-Jan-08,21642.45833
14-Jan-08,24076.66667
15-Jan-08,24843.08333
16-Jan-08,24737.95833
17-Jan-08,24488.83333
18-Jan-08,24175.75
19-Jan-08,23352
20-Jan-08,21133.66667
21-Jan-08,23832.16667
22-Jan-08,24161.95833
23-Jan-08,24252.95833
24-Jan-08,24553.5
25-Jan-08,24336.83333
26-Jan-08,23450.08333
27-Jan-08,20942.25
28-Jan-08,23933.70833
29-Jan-08,23730.70833
30-Jan-08,24039.45833
31-Jan-08,24233.95833
1-Feb-08,24306.25
2-Feb-08,23051
3-Feb-08,20576.75
4-Feb-08,23208.125
5-Feb-08,23771.375
6-Feb-08,24028.625
7-Feb-08,24028.33333
8-Feb-08,24079.83333
9-Feb-08,23271.25
10-Feb-08,21037.83333
11-Feb-08,23894.95833
12-Feb-08,24379.16667
13-Feb-08,24525.375
14-Feb-08,24549.79167
15-Feb-08,24224.41667
16-Feb-08,23767.08333
17-Feb-08,20946.16667
18-Feb-08,23682.375
19-Feb-08,24316.875
20-Feb-08,24093.95833
21-Feb-08,24087.75
22-Feb-08,23742.375
23-Feb-08,22677.375
24-Feb-08,20427
25-Feb-08,23089.25
26-Feb-08,23232.70833
27-Feb-08,23005.70833
28-Feb-08,22926.95833
29-Feb-08,22664.83333
1-Mar-08,21876.66667
2-Mar-08,19823.41667
3-Mar-08,22046
4-Mar-08,22167.45833
5-Mar-08,22120.54167
6-Mar-08,22185.875
7-Mar-08,22084.25
8-Mar-08,21245
9-Mar-08,19022.70833
10-Mar-08,21341.75
11-Mar-08,21951.125
12-Mar-08,22120.625
13-Mar-08,22143.79167
14-Mar-08,22310.91667
15-Mar-08,21696.16667
16-Mar-08,19341.5
17-Mar-08,21544.04167
18-Mar-08,22091.375
19-Mar-08,22046.70833
20-Mar-08,22443.58333
21-Mar-08,22541.125
22-Mar-08,21255.20833
23-Mar-08,18908
24-Mar-08,20868.33333
25-Mar-08,21310.41667
26-Mar-08,22101.25
27-Mar-08,22050.91667
28-Mar-08,22045.70833
29-Mar-08,21734.875
30-Mar-08,19492.45833
31-Mar-08,22010.875
1-Apr-08,22525.58333
2-Apr-08,22571.66667
3-Apr-08,22561.83333
4-Apr-08,22242.70833
5-Apr-08,21567.5
6-Apr-08,19472.41667
7-Apr-08,21846.83333
8-Apr-08,22090.20833
9-Apr-08,22153.125
10-Apr-08,22105.125
11-Apr-08,21995.5
12-Apr-08,21069.625
13-Apr-08,18580.875
14-Apr-08,20911.75
15-Apr-08,21431.33333
16-Apr-08,21435.79167
17-Apr-08,21530.70833
18-Apr-08,21810.29167
19-Apr-08,21034.08333
20-Apr-08,18914.83333
21-Apr-08,21130.41667
22-Apr-08,21848.54167
23-Apr-08,20485.125
24-Apr-08,21692.95833
25-Apr-08,22055.04167
26-Apr-08,21559.16667
27-Apr-08,19369.125
28-Apr-08,21873.91667
29-Apr-08,22122.04167
30-Apr-08,22016.66667
1-May-08,21871.25
2-May-08,22004.45833
3-May-08,21362.33333
4-May-08,19227.66667
5-May-08,21665.875
6-May-08,21967.66667
7-May-08,22208.54167
8-May-08,22180.16667
9-May-08,22140.04167
10-May-08,21501.41667
11-May-08,19198.04167
12-May-08,21633.75
13-May-08,22071.04167
14-May-08,22097.20833
15-May-08,22121.29167
16-May-08,22013.66667
17-May-08,21050.20833
18-May-08,18535.58333
19-May-08,19554.58333
20-May-08,21742.25
21-May-08,22436.04167
22-May-08,22700.75
23-May-08,22591.125
24-May-08,21756.625
25-May-08,19179.75
26-May-08,21539.5
27-May-08,22217.25
28-May-08,22640.91667
29-May-08,22430.54167
30-May-08,22451.25
31-May-08,21833.95833
1-Jun-08,19477
2-Jun-08,22000.375
3-Jun-08,22626.29167
4-Jun-08,22778.33333
5-Jun-08,22920.79167
6-Jun-08,22837.29167
7-Jun-08,21801.25
8-Jun-08,19520
9-Jun-08,22067.75
10-Jun-08,22597.08333
11-Jun-08,22640.75
12-Jun-08,22829.16667
13-Jun-08,22853.75
14-Jun-08,22136.29167
15-Jun-08,19642.29167
16-Jun-08,22224.625
17-Jun-08,23279.08333
18-Jun-08,23397.45833
19-Jun-08,24032.04167
20-Jun-08,23860.58333
21-Jun-08,23087.5
22-Jun-08,20555.91667
23-Jun-08,23460.33333
24-Jun-08,24391.58333
25-Jun-08,24648.33333
26-Jun-08,25002.70833
27-Jun-08,25072.625
28-Jun-08,23683.45833
29-Jun-08,21260.125
30-Jun-08,24049.20833
1-Jul-08,24054
2-Jul-08,24318.75
3-Jul-08,24311.33333
4-Jul-08,24213.33333
5-Jul-08,23375.125
6-Jul-08,20881.41667
7-Jul-08,23911.5
8-Jul-08,24588.58333
9-Jul-08,24822.25
10-Jul-08,24871.16667
11-Jul-08,24490.66667
12-Jul-08,23307.5
13-Jul-08,20990.66667
14-Jul-08,24635.41667
15-Jul-08,25157.29167
16-Jul-08,24786.16667
17-Jul-08,24811.20833
18-Jul-08,24738.29167
19-Jul-08,24001.75
20-Jul-08,21563.625
21-Jul-08,24857.16667
22-Jul-08,25721.45833
23-Jul-08,25855.58333
24-Jul-08,25551.04167
25-Jul-08,25085.45833
26-Jul-08,23734.70833
27-Jul-08,21217.41667
28-Jul-08,24138.95833
29-Jul-08,24581.375
30-Jul-08,24992.70833
31-Jul-08,25062.25
1-Aug-08,24764.83333
2-Aug-08,23737.45833
3-Aug-08,21213.20833
4-Aug-08,24139.70833
5-Aug-08,24884.79167
6-Aug-08,25130.33333
7-Aug-08,25046.91667
8-Aug-08,24794.75
9-Aug-08,23737.625
10-Aug-08,21350.29167
11-Aug-08,23937.625
12-Aug-08,24702.45833
13-Aug-08,24965.375
14-Aug-08,25305.79167
15-Aug-08,25104.66667
16-Aug-08,23974.16667
17-Aug-08,21677.29167
18-Aug-08,24787.125
19-Aug-08,25420.875
20-Aug-08,25621.75
21-Aug-08,25584.375
22-Aug-08,25448.20833
23-Aug-08,24419.95833
24-Aug-08,21772.16667
25-Aug-08,24820.54167
26-Aug-08,25679.20833
27-Aug-08,25522.20833
28-Aug-08,25647.41667
29-Aug-08,25318.95833
30-Aug-08,23137.33333
31-Aug-08,21190.125
1-Sep-08,23701.875
2-Sep-08,24082.16667
3-Sep-08,24133.5
4-Sep-08,24161.25
5-Sep-08,24147.125
6-Sep-08,23480.45833
7-Sep-08,21194.41667
8-Sep-08,23576.04167
9-Sep-08,24000.25
10-Sep-08,23815.45833
11-Sep-08,23579.41667
12-Sep-08,23527.54167
13-Sep-08,22747.08333
14-Sep-08,20541.75
15-Sep-08,23076.04167
16-Sep-08,23659.95833
17-Sep-08,23485
18-Sep-08,22697.70833
19-Sep-08,22414.70833
20-Sep-08,21565.375
21-Sep-08,19359.66667
22-Sep-08,21172.20833
23-Sep-08,21227.375
24-Sep-08,21390.33333
25-Sep-08,21575.41667
26-Sep-08,21102.29167
27-Sep-08,20012.08333
28-Sep-08,18180
29-Sep-08,16302.54167
30-Sep-08,12988.5
1-Oct-08,12694.70833
2-Oct-08,13372.125
3-Oct-08,16643.375
4-Oct-08,17853.375
5-Oct-08,17210.16667
6-Oct-08,19935.45833
7-Oct-08,20824.29167
8-Oct-08,20917.33333
9-Oct-08,21124.91667
10-Oct-08,21232.79167
11-Oct-08,20501.83333
12-Oct-08,18455.45833
13-Oct-08,20758.79167
14-Oct-08,21161.375
15-Oct-08,20971.33333
16-Oct-08,21064.70833
17-Oct-08,20996.20833
18-Oct-08,20442.91667
19-Oct-08,18229.33333
20-Oct-08,20484.5
21-Oct-08,20915.45833
22-Oct-08,20918.91667
23-Oct-08,20981.83333
24-Oct-08,20914.91667
25-Oct-08,20356.54167
26-Oct-08,18330.20833
27-Oct-08,20258.125
28-Oct-08,19670.16667
29-Oct-08,18124.04167
30-Oct-08,20449.25
31-Oct-08,20705.25
1-Nov-08,19814.125
2-Nov-08,17745.5
3-Nov-08,20059.58333
4-Nov-08,20683.25
5-Nov-08,20849.29167
6-Nov-08,21023.83333
7-Nov-08,21054.54167
8-Nov-08,20424.66667
9-Nov-08,18375.29167
10-Nov-08,20745.625
11-Nov-08,21391.375
12-Nov-08,21491.54167
13-Nov-08,21781.125
14-Nov-08,21687.70833
15-Nov-08,20835.29167
16-Nov-08,18822.54167
17-Nov-08,21386.66667
18-Nov-08,22278.04167
19-Nov-08,22287.45833
20-Nov-08,22246.08333
21-Nov-08,21911.45833
22-Nov-08,20547.95833
23-Nov-08,19002.29167
24-Nov-08,21689.20833
25-Nov-08,21806.91667
26-Nov-08,21692.54167
27-Nov-08,22293.75
28-Nov-08,22526.33333
29-Nov-08,21604.375
30-Nov-08,19543.79167
1-Dec-08,21525.20833
2-Dec-08,22132.29167
3-Dec-08,21883.20833
4-Dec-08,22032.25
5-Dec-08,21669
6-Dec-08,20028.375
7-Dec-08,16659.875
8-Dec-08,14468.58333
9-Dec-08,14720.41667
10-Dec-08,15139.70833
11-Dec-08,15853.70833
12-Dec-08,18461.41667
13-Dec-08,18966.83333
14-Dec-08,18451.625
15-Dec-08,21489.25
16-Dec-08,22236.5
17-Dec-08,22364.75
18-Dec-08,22568.54167
19-Dec-08,22196.79167
20-Dec-08,21639.45833
21-Dec-08,19705.875
22-Dec-08,22390.41667
23-Dec-08,22790.83333
24-Dec-08,23058.625
25-Dec-08,22984.04167
26-Dec-08,23275.875
27-Dec-08,22546
28-Dec-08,20477.79167
29-Dec-08,23093
30-Dec-08,23493.625
31-Dec-08,22919
